sensor_id,city,zone_type,pm25,pm10,co2_ppm,temperature_c,humidity_pct,wind_speed_kmh,aqi_value,severity,recorded_at
PKS_KHI_IND_01,Karachi,industrial,81.68,86.53,629.27,41.6,60.09,49.3,164.5,UNHEALTHY,2026-07-19T22:58:54.590986+00:00
PKS_KHI_TRF_02,Karachi,traffic,52.55,67.39,491.81,35.88,36.8,47.01,143.0,UNHEALTHY FOR SENSITIVE,2026-07-19T22:58:54.591062+00:00
PKS_LHR_RES_01,Lahore,residential,36.13,38.92,400.0,30.91,45.42,6.77,102.5,UNHEALTHY FOR SENSITIVE,2026-07-19T22:58:54.591080+00:00
PKS_LHR_IND_02,Lahore,industrial,69.2,76.43,572.19,39.12,17.39,28.87,158.1,UNHEALTHY,2026-07-19T22:58:54.591094+00:00
PKS_ISB_PRK_01,Islamabad,park,8.77,10.46,400.0,28.62,47.2,18.3,36.5,GOOD,2026-07-19T22:58:54.591109+00:00
PKS_ISB_TRF_02,Islamabad,traffic,52.22,66.06,400.0,28.41,78.51,12.02,142.2,UNHEALTHY FOR SENSITIVE,2026-07-19T22:58:54.591125+00:00
PKS_PEW_IND_01,Peshawar,industrial,88.33,112.19,715.0,32.57,28.02,8.05,168.0,UNHEALTHY,2026-07-19T22:58:54.591157+00:00
PKS_PEW_RES_02,Peshawar,residential,31.72,38.02,400.0,30.02,41.76,18.67,92.3,MODERATE,2026-07-19T22:58:54.591173+00:00
PKS_MUL_TRF_01,Multan,traffic,56.82,72.8,451.98,31.83,80.1,23.14,151.7,UNHEALTHY,2026-07-19T22:58:54.591188+00:00
PKS_MUL_PRK_02,Multan,park,15.76,18.5,400.0,23.47,50.76,28.64,58.7,MODERATE,2026-07-19T22:58:54.591202+00:00
PKS_KHI_IND_01,Karachi,industrial,199.43,239.85,552.6,28.91,82.62,39.17,249.5,VERY UNHEALTHY,2026-07-19T22:59:11.723580+00:00
PKS_KHI_TRF_02,Karachi,traffic,50.88,54.98,485.96,33.81,26.31,16.1,138.9,UNHEALTHY FOR SENSITIVE,2026-07-19T22:59:11.723640+00:00
PKS_LHR_RES_01,Lahore,residential,32.43,34.44,400.0,36.48,54.63,45.64,93.8,MODERATE,2026-07-19T22:59:11.723677+00:00
PKS_LHR_IND_02,Lahore,industrial,68.71,82.08,478.29,36.5,73.08,50.74,157.8,UNHEALTHY,2026-07-19T22:59:11.723707+00:00
PKS_ISB_PRK_01,Islamabad,park,11.26,13.48,400.0,29.73,37.77,32.43,46.9,GOOD,2026-07-19T22:59:11.723738+00:00
PKS_ISB_TRF_02,Islamabad,traffic,47.64,53.65,400.0,30.38,56.15,17.43,130.9,UNHEALTHY FOR SENSITIVE,2026-07-19T22:59:11.723766+00:00
PKS_PEW_IND_01,Peshawar,industrial,90.9,115.33,679.22,37.79,38.53,19.37,169.3,UNHEALTHY,2026-07-19T22:59:11.723794+00:00
PKS_PEW_RES_02,Peshawar,residential,37.75,47.03,400.0,30.77,28.59,26.19,106.5,UNHEALTHY FOR SENSITIVE,2026-07-19T22:59:11.723821+00:00
PKS_MUL_TRF_01,Multan,traffic,44.85,47.36,517.88,44.49,24.45,32.7,124.0,UNHEALTHY FOR SENSITIVE,2026-07-19T22:59:11.723847+00:00
PKS_MUL_PRK_02,Multan,park,13.37,15.25,400.0,31.49,75.29,1.33,53.7,MODERATE,2026-07-19T22:59:11.723874+00:00
PKS_KHI_IND_01,Karachi,industrial,319.43,390.7,511.13,34.58,67.27,47.8,355.9,HAZARDOUS,2026-07-19T23:00:00.739282+00:00
PKS_KHI_TRF_02,Karachi,traffic,66.42,84.11,421.04,35.66,10.37,25.56,156.6,UNHEALTHY,2026-07-19T23:00:00.739323+00:00
PKS_LHR_RES_01,Lahore,residential,22.45,28.08,400.0,33.99,33.3,29.03,72.8,MODERATE,2026-07-19T23:00:00.739341+00:00
PKS_LHR_IND_02,Lahore,industrial,84.2,93.77,566.96,31.92,55.19,14.33,165.8,UNHEALTHY,2026-07-19T23:00:00.739360+00:00
PKS_ISB_PRK_01,Islamabad,park,6.97,7.44,400.0,31.93,39.88,57.61,29.0,GOOD,2026-07-19T23:00:00.739377+00:00
PKS_ISB_TRF_02,Islamabad,traffic,57.75,61.98,476.12,39.0,86.75,7.19,152.2,UNHEALTHY,2026-07-19T23:00:00.739393+00:00
PKS_PEW_IND_01,Peshawar,industrial,64.52,75.84,566.04,33.69,68.24,43.7,155.7,UNHEALTHY,2026-07-19T23:00:00.739410+00:00
PKS_PEW_RES_02,Peshawar,residential,21.36,27.25,400.0,26.69,62.92,28.98,70.5,MODERATE,2026-07-19T23:00:00.739426+00:00
PKS_MUL_TRF_01,Multan,traffic,51.12,57.15,466.13,35.45,83.75,8.09,139.5,UNHEALTHY FOR SENSITIVE,2026-07-19T23:00:00.739442+00:00
PKS_MUL_PRK_02,Multan,park,38.37,46.34,400.0,26.42,53.08,37.96,108.1,UNHEALTHY FOR SENSITIVE,2026-07-19T23:00:00.739458+00:00
PKS_KHI_IND_01,Karachi,industrial,87.26,109.8,642.51,39.68,71.84,25.84,167.4,UNHEALTHY,2026-07-19T23:00:38.129947+00:00
PKS_KHI_TRF_02,Karachi,traffic,48.98,59.02,429.55,37.23,84.79,16.93,134.2,UNHEALTHY FOR SENSITIVE,2026-07-19T23:00:38.130014+00:00
PKS_LHR_RES_01,Lahore,residential,28.27,35.77,400.0,34.42,62.68,38.35,85.0,MODERATE,2026-07-19T23:00:38.130053+00:00
PKS_LHR_IND_02,Lahore,industrial,79.03,95.88,610.97,35.6,40.27,58.62,163.1,UNHEALTHY,2026-07-19T23:00:38.130088+00:00
PKS_ISB_PRK_01,Islamabad,park,10.81,13.42,400.0,24.11,48.76,42.3,45.1,GOOD,2026-07-19T23:00:38.130122+00:00
PKS_ISB_TRF_02,Islamabad,traffic,64.81,79.5,425.07,33.37,71.52,22.91,155.8,UNHEALTHY,2026-07-19T23:00:38.130161+00:00
PKS_PEW_IND_01,Peshawar,industrial,62.69,73.18,561.55,37.18,41.08,30.16,154.7,UNHEALTHY,2026-07-19T23:00:38.130196+00:00
PKS_PEW_RES_02,Peshawar,residential,38.21,45.74,400.0,29.82,57.81,45.25,107.7,UNHEALTHY FOR SENSITIVE,2026-07-19T23:00:38.130229+00:00
PKS_MUL_TRF_01,Multan,traffic,54.71,66.83,508.46,38.02,42.68,48.62,148.3,UNHEALTHY FOR SENSITIVE,2026-07-19T23:00:38.130301+00:00
PKS_MUL_PRK_02,Multan,park,6.25,6.71,400.0,32.89,14.03,44.45,26.0,GOOD,2026-07-19T23:00:38.130341+00:00
PKS_KHI_IND_01,Karachi,industrial,87.28,104.51,576.9,35.09,22.16,58.56,167.4,UNHEALTHY,2026-07-19T23:01:06.796331+00:00
PKS_KHI_TRF_02,Karachi,traffic,36.16,43.43,511.9,28.17,45.84,22.36,102.6,UNHEALTHY FOR SENSITIVE,2026-07-19T23:01:06.796412+00:00
PKS_LHR_RES_01,Lahore,residential,78.43,101.58,400.0,27.21,34.21,27.14,162.8,UNHEALTHY,2026-07-19T23:01:06.796451+00:00
PKS_LHR_IND_02,Lahore,industrial,303.3,333.68,614.04,36.14,17.98,31.41,343.0,HAZARDOUS,2026-07-19T23:01:06.796490+00:00
PKS_ISB_PRK_01,Islamabad,park,11.86,12.48,400.0,24.11,49.69,6.62,49.4,GOOD,2026-07-19T23:01:06.796530+00:00
PKS_ISB_TRF_02,Islamabad,traffic,41.59,52.87,405.44,36.42,25.93,6.03,116.0,UNHEALTHY FOR SENSITIVE,2026-07-19T23:01:06.796566+00:00
PKS_PEW_IND_01,Peshawar,industrial,60.26,72.27,638.97,43.07,78.7,1.84,153.5,UNHEALTHY,2026-07-19T23:01:06.796602+00:00
PKS_PEW_RES_02,Peshawar,residential,21.6,25.8,400.0,32.55,62.53,30.45,71.0,MODERATE,2026-07-19T23:01:06.796641+00:00
PKS_MUL_TRF_01,Multan,traffic,42.43,44.78,414.25,40.75,39.28,52.63,118.1,UNHEALTHY FOR SENSITIVE,2026-07-19T23:01:06.796683+00:00
PKS_MUL_PRK_02,Multan,park,8.0,10.2,400.0,29.44,31.76,55.1,33.3,GOOD,2026-07-19T23:01:06.796718+00:00
PKS_KHI_IND_01,Karachi,industrial,71.39,77.29,590.7,33.06,34.74,27.72,159.2,UNHEALTHY,2026-07-19T23:01:35.125536+00:00
PKS_KHI_TRF_02,Karachi,traffic,50.29,60.62,413.49,32.21,30.15,18.9,137.4,UNHEALTHY FOR SENSITIVE,2026-07-19T23:01:35.125571+00:00
PKS_LHR_RES_01,Lahore,residential,106.15,134.76,400.0,23.86,54.8,19.73,177.2,UNHEALTHY,2026-07-19T23:01:35.125590+00:00
PKS_LHR_IND_02,Lahore,industrial,77.42,93.01,697.5,36.92,35.43,11.35,162.3,UNHEALTHY,2026-07-19T23:01:35.125607+00:00
PKS_ISB_PRK_01,Islamabad,park,32.12,38.05,400.0,29.67,61.26,18.26,93.1,MODERATE,2026-07-19T23:01:35.125623+00:00
PKS_ISB_TRF_02,Islamabad,traffic,37.59,40.51,400.0,42.12,65.47,19.7,106.2,UNHEALTHY FOR SENSITIVE,2026-07-19T23:01:35.125640+00:00
PKS_PEW_IND_01,Peshawar,industrial,77.32,87.5,510.48,41.14,73.32,25.41,162.3,UNHEALTHY,2026-07-19T23:01:35.125655+00:00
PKS_PEW_RES_02,Peshawar,residential,29.03,32.95,400.0,36.51,11.06,18.01,86.6,MODERATE,2026-07-19T23:01:35.125673+00:00
PKS_MUL_TRF_01,Multan,traffic,63.3,75.71,400.0,30.95,83.12,32.23,155.0,UNHEALTHY,2026-07-19T23:01:35.125691+00:00
PKS_MUL_PRK_02,Multan,park,8.5,10.66,400.0,28.99,63.97,7.81,35.4,GOOD,2026-07-19T23:01:35.125707+00:00
PKS_KHI_IND_01,Karachi,industrial,206.38,225.44,609.02,32.16,31.3,52.36,256.4,VERY UNHEALTHY,2026-07-19T23:02:17.006365+00:00
PKS_KHI_TRF_02,Karachi,traffic,59.85,74.65,400.0,27.97,18.99,18.75,153.2,UNHEALTHY,2026-07-19T23:02:17.006437+00:00
PKS_LHR_RES_01,Lahore,residential,26.46,30.1,400.0,37.56,45.04,1.27,81.2,MODERATE,2026-07-19T23:02:17.006475+00:00
PKS_LHR_IND_02,Lahore,industrial,62.67,66.26,555.43,37.48,10.59,49.03,154.7,UNHEALTHY,2026-07-19T23:02:17.006510+00:00
PKS_ISB_PRK_01,Islamabad,park,40.12,51.09,400.0,25.5,50.54,29.4,112.4,UNHEALTHY FOR SENSITIVE,2026-07-19T23:02:17.006547+00:00
PKS_ISB_TRF_02,Islamabad,traffic,46.88,57.15,481.71,32.96,26.96,45.35,129.0,UNHEALTHY FOR SENSITIVE,2026-07-19T23:02:17.006583+00:00
PKS_PEW_IND_01,Peshawar,industrial,166.12,213.52,496.47,38.85,33.92,37.14,216.5,VERY UNHEALTHY,2026-07-19T23:02:17.006617+00:00
PKS_PEW_RES_02,Peshawar,residential,21.59,23.33,400.0,27.08,34.69,52.09,70.9,MODERATE,2026-07-19T23:02:17.006651+00:00
PKS_MUL_TRF_01,Multan,traffic,52.32,55.54,400.0,35.63,29.45,14.82,142.4,UNHEALTHY FOR SENSITIVE,2026-07-19T23:02:17.006684+00:00
PKS_MUL_PRK_02,Multan,park,7.42,8.59,400.0,24.72,50.71,7.79,30.9,GOOD,2026-07-19T23:02:17.006722+00:00
PKS_KHI_IND_01,Karachi,industrial,61.72,79.51,511.11,30.37,26.06,52.36,154.2,UNHEALTHY,2026-07-19T23:02:51.959670+00:00
PKS_KHI_TRF_02,Karachi,traffic,46.22,56.51,519.97,27.42,67.93,50.29,127.4,UNHEALTHY FOR SENSITIVE,2026-07-19T23:02:51.959726+00:00
PKS_LHR_RES_01,Lahore,residential,38.13,41.9,400.0,40.98,79.32,28.69,107.5,UNHEALTHY FOR SENSITIVE,2026-07-19T23:02:51.959756+00:00
PKS_LHR_IND_02,Lahore,industrial,59.21,73.04,479.74,33.13,12.76,58.08,152.9,UNHEALTHY,2026-07-19T23:02:51.959782+00:00
PKS_ISB_PRK_01,Islamabad,park,10.02,10.61,400.0,26.97,89.56,50.42,41.7,GOOD,2026-07-19T23:02:51.959809+00:00
PKS_ISB_TRF_02,Islamabad,traffic,35.35,37.86,512.79,42.87,10.17,2.71,99.9,MODERATE,2026-07-19T23:02:51.959835+00:00
PKS_PEW_IND_01,Peshawar,industrial,67.63,76.96,573.34,34.1,44.11,36.67,157.3,UNHEALTHY,2026-07-19T23:02:51.959861+00:00
PKS_PEW_RES_02,Peshawar,residential,21.03,24.51,400.0,40.14,29.88,44.05,69.8,MODERATE,2026-07-19T23:02:51.959886+00:00
PKS_MUL_TRF_01,Multan,traffic,45.33,53.28,400.0,35.99,61.07,48.33,125.2,UNHEALTHY FOR SENSITIVE,2026-07-19T23:02:51.959911+00:00
PKS_MUL_PRK_02,Multan,park,34.07,36.74,400.0,27.36,21.32,36.09,97.2,MODERATE,2026-07-19T23:02:51.959937+00:00
PKS_KHI_IND_01,Karachi,industrial,236.55,305.41,441.44,35.65,38.91,26.36,286.3,VERY UNHEALTHY,2026-07-19T23:03:33.663963+00:00
PKS_KHI_TRF_02,Karachi,traffic,55.0,64.39,517.37,35.6,10.85,20.54,149.0,UNHEALTHY FOR SENSITIVE,2026-07-19T23:03:33.664016+00:00
PKS_LHR_RES_01,Lahore,residential,24.12,27.51,400.0,32.48,30.55,34.12,76.3,MODERATE,2026-07-19T23:03:33.664046+00:00
PKS_LHR_IND_02,Lahore,industrial,87.84,99.18,695.68,37.62,74.32,11.55,167.7,UNHEALTHY,2026-07-19T23:03:33.664071+00:00
PKS_ISB_PRK_01,Islamabad,park,9.63,11.36,400.0,30.31,57.26,47.62,40.1,GOOD,2026-07-19T23:03:33.664096+00:00
PKS_ISB_TRF_02,Islamabad,traffic,49.68,52.74,400.0,40.66,73.69,52.2,135.9,UNHEALTHY FOR SENSITIVE,2026-07-19T23:03:33.664121+00:00
PKS_PEW_IND_01,Peshawar,industrial,88.29,106.65,625.41,37.05,51.64,19.42,167.9,UNHEALTHY,2026-07-19T23:03:33.664146+00:00
PKS_PEW_RES_02,Peshawar,residential,65.71,73.14,400.0,29.72,66.79,44.1,156.3,UNHEALTHY,2026-07-19T23:03:33.664171+00:00
PKS_MUL_TRF_01,Multan,traffic,47.86,56.05,404.33,33.33,33.37,34.13,131.4,UNHEALTHY FOR SENSITIVE,2026-07-19T23:03:33.664195+00:00
PKS_MUL_PRK_02,Multan,park,27.34,30.19,400.0,27.51,65.38,3.87,83.0,MODERATE,2026-07-19T23:03:33.664221+00:00
PKS_KHI_IND_01,Karachi,industrial,77.2,94.7,544.71,39.48,24.79,54.57,162.2,UNHEALTHY,2026-07-19T23:05:20.777382+00:00
PKS_KHI_TRF_02,Karachi,traffic,47.66,54.92,501.41,26.55,55.3,48.95,130.9,UNHEALTHY FOR SENSITIVE,2026-07-19T23:05:20.777472+00:00
PKS_LHR_RES_01,Lahore,residential,25.77,31.81,400.0,34.38,39.04,36.14,79.7,MODERATE,2026-07-19T23:05:20.777526+00:00
PKS_LHR_IND_02,Lahore,industrial,78.63,84.98,638.06,35.87,14.24,11.45,162.9,UNHEALTHY,2026-07-19T23:05:20.777569+00:00
PKS_ISB_PRK_01,Islamabad,park,6.49,8.27,400.0,30.61,33.56,2.95,27.0,GOOD,2026-07-19T23:05:20.777611+00:00
PKS_ISB_TRF_02,Islamabad,traffic,62.23,70.77,426.18,41.07,85.51,3.08,154.5,UNHEALTHY,2026-07-19T23:05:20.777652+00:00
PKS_PEW_IND_01,Peshawar,industrial,187.87,217.42,596.43,41.79,18.24,11.49,238.0,VERY UNHEALTHY,2026-07-19T23:05:20.777695+00:00
PKS_PEW_RES_02,Peshawar,residential,30.59,36.65,400.0,40.12,86.54,17.98,89.9,MODERATE,2026-07-19T23:05:20.777735+00:00
PKS_MUL_TRF_01,Multan,traffic,186.25,215.95,400.0,33.62,28.07,48.58,236.4,VERY UNHEALTHY,2026-07-19T23:05:20.777778+00:00
PKS_MUL_PRK_02,Multan,park,10.75,12.88,400.0,30.14,56.63,39.14,44.8,GOOD,2026-07-19T23:05:20.777819+00:00
PKS_KHI_IND_01,Karachi,industrial,58.68,73.62,595.01,30.14,86.49,26.29,152.6,UNHEALTHY,2026-07-19T23:05:32.615278+00:00
PKS_KHI_TRF_02,Karachi,traffic,54.49,64.97,422.59,31.45,35.93,33.23,147.8,UNHEALTHY FOR SENSITIVE,2026-07-19T23:05:32.615310+00:00
PKS_LHR_RES_01,Lahore,residential,32.57,37.23,400.0,30.57,40.26,54.34,94.0,MODERATE,2026-07-19T23:05:32.615325+00:00
PKS_LHR_IND_02,Lahore,industrial,75.32,82.96,500.73,41.74,82.64,14.94,161.2,UNHEALTHY,2026-07-19T23:05:32.615338+00:00
PKS_ISB_PRK_01,Islamabad,park,13.66,17.09,400.0,36.37,20.36,28.67,54.3,MODERATE,2026-07-19T23:05:32.615354+00:00
PKS_ISB_TRF_02,Islamabad,traffic,47.3,57.81,488.26,32.53,26.82,25.49,130.1,UNHEALTHY FOR SENSITIVE,2026-07-19T23:05:32.615368+00:00
PKS_PEW_IND_01,Peshawar,industrial,90.64,108.68,527.65,36.07,88.6,1.96,169.1,UNHEALTHY,2026-07-19T23:05:32.615382+00:00
PKS_PEW_RES_02,Peshawar,residential,19.28,22.47,400.0,30.78,53.49,32.39,66.1,MODERATE,2026-07-19T23:05:32.615394+00:00
PKS_MUL_TRF_01,Multan,traffic,47.12,51.3,488.66,38.65,60.44,47.72,129.6,UNHEALTHY FOR SENSITIVE,2026-07-19T23:05:32.615407+00:00
PKS_MUL_PRK_02,Multan,park,8.39,9.27,400.0,26.33,29.51,48.77,35.0,GOOD,2026-07-19T23:05:32.615420+00:00
PKS_KHI_IND_01,Karachi,industrial,90.85,105.88,485.61,33.99,21.41,31.32,169.3,UNHEALTHY,2026-07-19T23:05:43.676553+00:00
PKS_KHI_TRF_02,Karachi,traffic,43.7,56.61,555.23,28.01,15.71,56.51,121.2,UNHEALTHY FOR SENSITIVE,2026-07-19T23:05:43.676604+00:00
PKS_LHR_RES_01,Lahore,residential,21.46,23.54,400.0,33.12,38.24,13.52,70.7,MODERATE,2026-07-19T23:05:43.676631+00:00
PKS_LHR_IND_02,Lahore,industrial,56.15,60.3,600.89,40.5,71.02,52.78,151.3,UNHEALTHY,2026-07-19T23:05:43.676657+00:00
PKS_ISB_PRK_01,Islamabad,park,11.82,12.95,400.0,26.74,82.02,57.37,49.3,GOOD,2026-07-19T23:05:43.676682+00:00
PKS_ISB_TRF_02,Islamabad,traffic,49.99,53.86,400.0,33.13,89.74,6.03,136.7,UNHEALTHY FOR SENSITIVE,2026-07-19T23:05:43.676711+00:00
PKS_PEW_IND_01,Peshawar,industrial,83.75,100.41,609.76,32.26,70.54,36.81,165.6,UNHEALTHY,2026-07-19T23:05:43.676736+00:00
PKS_PEW_RES_02,Peshawar,residential,36.71,46.98,400.0,32.54,20.51,38.76,104.0,UNHEALTHY FOR SENSITIVE,2026-07-19T23:05:43.676779+00:00
PKS_MUL_TRF_01,Multan,traffic,62.93,77.32,425.2,29.6,52.18,28.9,154.8,UNHEALTHY,2026-07-19T23:05:43.676804+00:00
PKS_MUL_PRK_02,Multan,park,12.82,14.06,400.0,32.55,81.02,17.91,52.5,MODERATE,2026-07-19T23:05:43.676828+00:00
PKS_KHI_IND_01,Karachi,industrial,68.9,81.33,560.62,28.73,27.04,56.72,157.9,UNHEALTHY,2026-07-19T23:05:54.752185+00:00
PKS_KHI_TRF_02,Karachi,traffic,52.88,64.86,477.04,31.02,37.71,29.99,143.8,UNHEALTHY FOR SENSITIVE,2026-07-19T23:05:54.752236+00:00
PKS_LHR_RES_01,Lahore,residential,23.69,26.81,403.86,34.66,71.5,24.06,75.4,MODERATE,2026-07-19T23:05:54.752267+00:00
PKS_LHR_IND_02,Lahore,industrial,72.68,87.66,465.03,39.86,57.7,57.08,159.9,UNHEALTHY,2026-07-19T23:05:54.752294+00:00
PKS_ISB_PRK_01,Islamabad,park,8.74,10.85,400.0,33.98,30.71,59.17,36.4,GOOD,2026-07-19T23:05:54.752321+00:00
PKS_ISB_TRF_02,Islamabad,traffic,54.05,61.57,421.62,34.49,81.62,40.9,146.7,UNHEALTHY FOR SENSITIVE,2026-07-19T23:05:54.752347+00:00
PKS_PEW_IND_01,Peshawar,industrial,95.43,119.43,595.14,26.83,51.09,28.76,171.6,UNHEALTHY,2026-07-19T23:05:54.752372+00:00
PKS_PEW_RES_02,Peshawar,residential,18.6,21.99,400.0,32.26,14.98,38.4,64.7,MODERATE,2026-07-19T23:05:54.752397+00:00
PKS_MUL_TRF_01,Multan,traffic,49.43,62.55,400.0,30.41,38.15,19.65,135.3,UNHEALTHY FOR SENSITIVE,2026-07-19T23:05:54.752424+00:00
PKS_MUL_PRK_02,Multan,park,5.87,6.37,400.0,33.45,22.23,59.02,24.4,GOOD,2026-07-19T23:05:54.752449+00:00
PKS_KHI_IND_01,Karachi,industrial,86.07,109.75,601.86,34.08,89.81,27.19,166.8,UNHEALTHY,2026-07-19T23:06:05.882679+00:00
PKS_KHI_TRF_02,Karachi,traffic,57.26,68.55,482.09,37.42,17.66,55.65,151.9,UNHEALTHY,2026-07-19T23:06:05.882703+00:00
PKS_LHR_RES_01,Lahore,residential,28.11,34.3,400.0,27.23,29.53,38.53,84.7,MODERATE,2026-07-19T23:06:05.882714+00:00
PKS_LHR_IND_02,Lahore,industrial,70.67,91.66,520.21,41.63,80.08,53.82,158.8,UNHEALTHY,2026-07-19T23:06:05.882724+00:00
PKS_ISB_PRK_01,Islamabad,park,6.27,7.73,400.0,26.58,15.67,24.61,26.1,GOOD,2026-07-19T23:06:05.882733+00:00
PKS_ISB_TRF_02,Islamabad,traffic,52.79,61.65,500.49,29.41,30.6,36.47,143.6,UNHEALTHY FOR SENSITIVE,2026-07-19T23:06:05.882742+00:00
PKS_PEW_IND_01,Peshawar,industrial,65.32,78.45,526.14,28.97,64.25,50.0,156.1,UNHEALTHY,2026-07-19T23:06:05.882752+00:00
PKS_PEW_RES_02,Peshawar,residential,107.88,134.88,400.0,26.11,21.6,36.49,178.0,UNHEALTHY,2026-07-19T23:06:05.882761+00:00
PKS_MUL_TRF_01,Multan,traffic,226.72,268.58,400.0,43.59,48.82,8.04,276.5,VERY UNHEALTHY,2026-07-19T23:06:05.882770+00:00
PKS_MUL_PRK_02,Multan,park,10.12,12.44,400.0,30.37,21.5,52.19,42.2,GOOD,2026-07-19T23:06:05.882781+00:00
PKS_KHI_IND_01,Karachi,industrial,74.84,94.62,496.65,37.15,10.24,10.58,161.0,UNHEALTHY,2026-07-19T23:06:16.941023+00:00
PKS_KHI_TRF_02,Karachi,traffic,49.66,56.35,521.52,31.1,77.01,11.16,135.9,UNHEALTHY FOR SENSITIVE,2026-07-19T23:06:16.941103+00:00
PKS_LHR_RES_01,Lahore,residential,63.86,82.59,400.0,27.96,18.52,31.05,155.3,UNHEALTHY,2026-07-19T23:06:16.941152+00:00
PKS_LHR_IND_02,Lahore,industrial,136.81,167.48,688.75,32.52,53.13,31.44,193.0,UNHEALTHY,2026-07-19T23:06:16.941197+00:00
PKS_ISB_PRK_01,Islamabad,park,7.15,9.15,400.0,34.13,76.24,5.31,29.8,GOOD,2026-07-19T23:06:16.941239+00:00
PKS_ISB_TRF_02,Islamabad,traffic,42.05,53.0,437.88,39.7,57.37,5.54,117.1,UNHEALTHY FOR SENSITIVE,2026-07-19T23:06:16.941281+00:00
PKS_PEW_IND_01,Peshawar,industrial,100.11,110.78,611.46,32.71,45.12,4.56,174.0,UNHEALTHY,2026-07-19T23:06:16.941323+00:00
PKS_PEW_RES_02,Peshawar,residential,103.78,117.12,400.0,25.84,16.81,31.36,175.9,UNHEALTHY,2026-07-19T23:06:16.941364+00:00
PKS_MUL_TRF_01,Multan,traffic,43.37,51.13,534.84,39.99,62.76,23.58,120.4,UNHEALTHY FOR SENSITIVE,2026-07-19T23:06:16.941405+00:00
PKS_MUL_PRK_02,Multan,park,9.13,10.66,400.0,30.03,49.56,33.33,38.0,GOOD,2026-07-19T23:06:16.941445+00:00
PKS_KHI_IND_01,Karachi,industrial,76.69,87.82,586.0,43.86,73.21,32.31,161.9,UNHEALTHY,2026-07-19T23:06:28.069763+00:00
PKS_KHI_TRF_02,Karachi,traffic,46.88,52.14,400.0,33.25,69.76,29.46,129.0,UNHEALTHY FOR SENSITIVE,2026-07-19T23:06:28.069896+00:00
PKS_LHR_RES_01,Lahore,residential,34.93,37.59,400.0,29.53,26.01,33.64,99.0,MODERATE,2026-07-19T23:06:28.069979+00:00
PKS_LHR_IND_02,Lahore,industrial,67.85,71.62,664.25,31.76,77.04,53.81,157.4,UNHEALTHY,2026-07-19T23:06:28.070053+00:00
PKS_ISB_PRK_01,Islamabad,park,11.74,14.33,400.0,22.1,81.43,29.88,48.9,GOOD,2026-07-19T23:06:28.070128+00:00
PKS_ISB_TRF_02,Islamabad,traffic,57.44,63.06,420.01,30.89,68.53,23.05,152.0,UNHEALTHY,2026-07-19T23:06:28.070206+00:00
PKS_PEW_IND_01,Peshawar,industrial,92.64,98.28,465.05,30.04,14.41,31.43,170.2,UNHEALTHY,2026-07-19T23:06:28.070283+00:00
PKS_PEW_RES_02,Peshawar,residential,21.19,24.71,400.0,24.49,85.2,12.1,70.1,MODERATE,2026-07-19T23:06:28.070357+00:00
PKS_MUL_TRF_01,Multan,traffic,44.11,54.27,498.67,27.63,73.96,2.61,122.2,UNHEALTHY FOR SENSITIVE,2026-07-19T23:06:28.070431+00:00
PKS_MUL_PRK_02,Multan,park,20.34,26.12,400.0,24.59,46.64,21.46,68.3,MODERATE,2026-07-19T23:06:28.070500+00:00
PKS_KHI_IND_01,Karachi,industrial,60.43,68.1,704.46,36.94,43.22,18.5,153.5,UNHEALTHY,2026-07-19T23:06:48.834729+00:00
PKS_KHI_TRF_02,Karachi,traffic,56.85,62.22,537.72,34.1,89.9,7.34,151.7,UNHEALTHY,2026-07-19T23:06:48.834781+00:00
PKS_LHR_RES_01,Lahore,residential,84.32,95.45,400.0,31.63,63.24,44.57,165.9,UNHEALTHY,2026-07-19T23:06:48.834814+00:00
PKS_LHR_IND_02,Lahore,industrial,79.53,94.11,645.03,33.83,22.88,56.38,163.4,UNHEALTHY,2026-07-19T23:06:48.834842+00:00
PKS_ISB_PRK_01,Islamabad,park,23.99,29.41,400.0,25.99,10.61,3.69,76.0,MODERATE,2026-07-19T23:06:48.834869+00:00
PKS_ISB_TRF_02,Islamabad,traffic,45.11,56.45,488.7,37.63,78.06,28.02,124.7,UNHEALTHY FOR SENSITIVE,2026-07-19T23:06:48.834895+00:00
PKS_PEW_IND_01,Peshawar,industrial,62.11,65.73,530.83,37.4,77.95,42.66,154.4,UNHEALTHY,2026-07-19T23:06:48.834921+00:00
PKS_PEW_RES_02,Peshawar,residential,26.29,33.78,400.0,28.12,78.4,8.64,80.9,MODERATE,2026-07-19T23:06:48.834946+00:00
PKS_MUL_TRF_01,Multan,traffic,43.85,47.13,514.02,40.15,66.41,29.01,121.6,UNHEALTHY FOR SENSITIVE,2026-07-19T23:06:48.834971+00:00
PKS_MUL_PRK_02,Multan,park,13.42,16.71,400.0,29.58,27.83,15.35,53.8,MODERATE,2026-07-19T23:06:48.834996+00:00
PKS_KHI_IND_01,Karachi,industrial,77.66,91.76,569.89,44.09,33.12,1.6,162.4,UNHEALTHY,2026-07-19T23:06:59.916520+00:00
PKS_KHI_TRF_02,Karachi,traffic,50.13,53.8,428.89,40.61,69.06,51.83,137.0,UNHEALTHY FOR SENSITIVE,2026-07-19T23:06:59.916571+00:00
PKS_LHR_RES_01,Lahore,residential,24.06,29.73,400.0,26.49,32.72,31.64,76.1,MODERATE,2026-07-19T23:06:59.916602+00:00
PKS_LHR_IND_02,Lahore,industrial,72.78,85.07,436.94,29.29,14.04,20.16,159.9,UNHEALTHY,2026-07-19T23:06:59.916628+00:00
PKS_ISB_PRK_01,Islamabad,park,13.06,14.84,400.0,26.49,44.22,3.77,53.0,MODERATE,2026-07-19T23:06:59.916658+00:00
PKS_ISB_TRF_02,Islamabad,traffic,139.38,170.25,498.05,33.1,50.92,39.56,194.3,UNHEALTHY,2026-07-19T23:06:59.916685+00:00
PKS_PEW_IND_01,Peshawar,industrial,68.64,81.92,564.4,45.0,33.34,26.51,157.8,UNHEALTHY,2026-07-19T23:06:59.916712+00:00
PKS_PEW_RES_02,Peshawar,residential,104.26,114.54,400.0,35.44,23.02,4.68,176.2,UNHEALTHY,2026-07-19T23:06:59.916738+00:00
PKS_MUL_TRF_01,Multan,traffic,44.57,54.75,503.94,28.8,58.37,11.39,123.3,UNHEALTHY FOR SENSITIVE,2026-07-19T23:06:59.916765+00:00
PKS_MUL_PRK_02,Multan,park,13.74,16.15,400.0,26.63,21.79,36.89,54.4,MODERATE,2026-07-19T23:06:59.916794+00:00
PKS_KHI_IND_01,Karachi,industrial,80.56,102.98,549.74,44.39,25.99,28.72,163.9,UNHEALTHY,2026-07-19T23:07:19.034622+00:00
PKS_KHI_TRF_02,Karachi,traffic,106.53,123.32,552.65,37.86,81.77,54.6,177.3,UNHEALTHY,2026-07-19T23:07:19.034675+00:00
PKS_LHR_RES_01,Lahore,residential,27.17,30.99,400.0,28.64,64.22,47.75,82.7,MODERATE,2026-07-19T23:07:19.034695+00:00
PKS_LHR_IND_02,Lahore,industrial,237.29,287.4,413.42,40.82,60.18,9.64,287.0,VERY UNHEALTHY,2026-07-19T23:07:19.034713+00:00
PKS_ISB_PRK_01,Islamabad,park,38.76,42.43,400.0,28.26,43.65,34.16,109.0,UNHEALTHY FOR SENSITIVE,2026-07-19T23:07:19.034730+00:00
PKS_ISB_TRF_02,Islamabad,traffic,35.98,46.66,400.0,35.23,26.58,38.01,102.2,UNHEALTHY FOR SENSITIVE,2026-07-19T23:07:19.034747+00:00
PKS_PEW_IND_01,Peshawar,industrial,87.06,105.29,538.52,29.18,45.84,23.28,167.3,UNHEALTHY,2026-07-19T23:07:19.034762+00:00
PKS_PEW_RES_02,Peshawar,residential,23.17,24.47,400.0,38.55,19.5,43.69,74.3,MODERATE,2026-07-19T23:07:19.034777+00:00
PKS_MUL_TRF_01,Multan,traffic,38.98,49.92,400.0,30.49,57.79,7.55,109.6,UNHEALTHY FOR SENSITIVE,2026-07-19T23:07:19.034791+00:00
PKS_MUL_PRK_02,Multan,park,7.14,9.27,400.0,25.92,33.39,31.57,29.8,GOOD,2026-07-19T23:07:19.034805+00:00
PKS_KHI_IND_01,Karachi,industrial,78.03,94.08,558.71,35.71,43.65,47.67,162.6,UNHEALTHY,2026-07-19T23:07:42.517154+00:00
PKS_KHI_TRF_02,Karachi,traffic,40.2,46.19,400.0,32.45,22.94,35.27,112.6,UNHEALTHY FOR SENSITIVE,2026-07-19T23:07:42.517178+00:00
PKS_LHR_RES_01,Lahore,residential,33.65,36.7,400.0,32.72,18.22,5.88,96.3,MODERATE,2026-07-19T23:07:42.517190+00:00
PKS_LHR_IND_02,Lahore,industrial,69.13,77.32,597.59,36.27,42.48,45.35,158.0,UNHEALTHY,2026-07-19T23:07:42.517201+00:00
PKS_ISB_PRK_01,Islamabad,park,7.73,8.48,400.0,36.41,46.71,56.75,32.2,GOOD,2026-07-19T23:07:42.517213+00:00
PKS_ISB_TRF_02,Islamabad,traffic,53.17,63.16,446.16,29.51,21.31,26.48,144.5,UNHEALTHY FOR SENSITIVE,2026-07-19T23:07:42.517223+00:00
PKS_PEW_IND_01,Peshawar,industrial,75.31,86.86,658.17,33.04,48.02,1.39,161.2,UNHEALTHY,2026-07-19T23:07:42.517233+00:00
PKS_PEW_RES_02,Peshawar,residential,25.75,28.57,400.0,31.85,12.32,45.64,79.7,MODERATE,2026-07-19T23:07:42.517243+00:00
PKS_MUL_TRF_01,Multan,traffic,49.77,63.09,545.8,25.49,62.32,4.44,136.1,UNHEALTHY FOR SENSITIVE,2026-07-19T23:07:42.517255+00:00
PKS_MUL_PRK_02,Multan,park,11.18,12.23,400.0,34.02,50.81,5.56,46.6,GOOD,2026-07-19T23:07:42.517266+00:00
PKS_KHI_IND_01,Karachi,industrial,83.27,101.65,464.17,37.79,43.42,46.28,165.3,UNHEALTHY,2026-07-19T23:08:31.253790+00:00
PKS_KHI_TRF_02,Karachi,traffic,55.77,63.66,424.53,27.55,15.71,4.02,151.1,UNHEALTHY,2026-07-19T23:08:31.253873+00:00
PKS_LHR_RES_01,Lahore,residential,24.01,29.57,400.0,29.59,89.83,46.6,76.1,MODERATE,2026-07-19T23:08:31.253921+00:00
PKS_LHR_IND_02,Lahore,industrial,254.56,277.35,553.04,34.72,68.33,33.66,304.2,HAZARDOUS,2026-07-19T23:08:31.253966+00:00
PKS_ISB_PRK_01,Islamabad,park,11.77,14.09,400.0,39.08,25.35,58.62,49.0,GOOD,2026-07-19T23:08:31.254010+00:00
PKS_ISB_TRF_02,Islamabad,traffic,37.35,43.41,466.74,34.31,62.92,59.64,105.5,UNHEALTHY FOR SENSITIVE,2026-07-19T23:08:31.254053+00:00
PKS_PEW_IND_01,Peshawar,industrial,214.82,278.43,698.87,36.3,10.83,43.46,264.7,VERY UNHEALTHY,2026-07-19T23:08:31.254098+00:00
PKS_PEW_RES_02,Peshawar,residential,28.2,34.37,400.0,24.04,34.11,7.58,84.9,MODERATE,2026-07-19T23:08:31.254140+00:00
PKS_MUL_TRF_01,Multan,traffic,45.24,54.55,545.56,29.1,71.11,56.49,125.0,UNHEALTHY FOR SENSITIVE,2026-07-19T23:08:31.254183+00:00
PKS_MUL_PRK_02,Multan,park,10.67,13.31,400.0,28.89,48.41,13.94,44.5,GOOD,2026-07-19T23:08:31.254229+00:00
PKS_KHI_IND_01,Karachi,industrial,82.82,92.69,492.25,32.54,55.46,40.34,165.1,UNHEALTHY,2026-07-19T23:08:56.097936+00:00
PKS_KHI_TRF_02,Karachi,traffic,46.93,53.3,482.7,31.95,48.7,29.03,129.1,UNHEALTHY FOR SENSITIVE,2026-07-19T23:08:56.097963+00:00
PKS_LHR_RES_01,Lahore,residential,40.43,50.02,400.0,29.09,35.15,56.24,113.1,UNHEALTHY FOR SENSITIVE,2026-07-19T23:08:56.097978+00:00
PKS_LHR_IND_02,Lahore,industrial,63.05,66.29,510.52,38.03,56.16,14.53,154.9,UNHEALTHY,2026-07-19T23:08:56.097990+00:00
PKS_ISB_PRK_01,Islamabad,park,11.33,12.44,400.0,31.61,45.94,55.56,47.2,GOOD,2026-07-19T23:08:56.098005+00:00
PKS_ISB_TRF_02,Islamabad,traffic,47.03,57.0,496.68,35.48,17.17,8.18,129.4,UNHEALTHY FOR SENSITIVE,2026-07-19T23:08:56.098018+00:00
PKS_PEW_IND_01,Peshawar,industrial,89.7,97.54,670.43,34.83,46.05,1.39,168.7,UNHEALTHY,2026-07-19T23:08:56.098031+00:00
PKS_PEW_RES_02,Peshawar,residential,25.9,28.44,400.0,33.22,68.28,50.34,80.0,MODERATE,2026-07-19T23:08:56.098043+00:00
PKS_MUL_TRF_01,Multan,traffic,61.48,73.02,403.0,31.22,26.26,38.63,154.1,UNHEALTHY,2026-07-19T23:08:56.098056+00:00
PKS_MUL_PRK_02,Multan,park,35.55,38.73,400.0,35.19,63.03,58.27,101.1,UNHEALTHY FOR SENSITIVE,2026-07-19T23:08:56.098069+00:00
PKS_KHI_IND_01,Karachi,industrial,71.77,85.31,615.86,30.74,84.1,24.23,159.4,UNHEALTHY,2026-07-19T23:09:33.520363+00:00
PKS_KHI_TRF_02,Karachi,traffic,139.64,179.66,480.2,36.12,64.32,54.17,194.4,UNHEALTHY,2026-07-19T23:09:33.520398+00:00
PKS_LHR_RES_01,Lahore,residential,26.67,33.58,400.0,24.52,34.88,14.13,81.6,MODERATE,2026-07-19T23:09:33.520416+00:00
PKS_LHR_IND_02,Lahore,industrial,65.78,75.91,567.72,33.36,57.15,29.96,156.3,UNHEALTHY,2026-07-19T23:09:33.520430+00:00
PKS_ISB_PRK_01,Islamabad,park,6.66,7.32,400.0,27.04,70.28,17.49,27.8,GOOD,2026-07-19T23:09:33.520445+00:00
PKS_ISB_TRF_02,Islamabad,traffic,47.4,60.54,400.0,27.06,50.32,17.53,130.3,UNHEALTHY FOR SENSITIVE,2026-07-19T23:09:33.520458+00:00
PKS_PEW_IND_01,Peshawar,industrial,71.44,82.83,690.46,33.62,15.7,27.93,159.2,UNHEALTHY,2026-07-19T23:09:33.520473+00:00
PKS_PEW_RES_02,Peshawar,residential,31.85,36.53,400.0,36.73,66.58,59.38,92.5,MODERATE,2026-07-19T23:09:33.520487+00:00
PKS_MUL_TRF_01,Multan,traffic,44.46,50.17,504.89,28.41,87.64,8.7,123.1,UNHEALTHY FOR SENSITIVE,2026-07-19T23:09:33.520500+00:00
PKS_MUL_PRK_02,Multan,park,9.82,12.43,400.0,31.47,57.25,10.07,40.9,GOOD,2026-07-19T23:09:33.520515+00:00
PKS_KHI_IND_01,Karachi,industrial,67.35,74.91,595.2,28.74,77.19,16.51,157.1,UNHEALTHY,2026-07-19T23:09:52.470498+00:00
PKS_KHI_TRF_02,Karachi,traffic,39.72,43.87,400.0,26.79,13.88,46.07,111.4,UNHEALTHY FOR SENSITIVE,2026-07-19T23:09:52.470580+00:00
PKS_LHR_RES_01,Lahore,residential,26.73,29.41,400.0,32.01,66.66,2.25,81.8,MODERATE,2026-07-19T23:09:52.470631+00:00
PKS_LHR_IND_02,Lahore,industrial,66.52,85.95,603.61,39.89,68.16,44.15,156.7,UNHEALTHY,2026-07-19T23:09:52.470676+00:00
PKS_ISB_PRK_01,Islamabad,park,20.44,22.07,400.0,37.14,86.06,26.6,68.5,MODERATE,2026-07-19T23:09:52.470720+00:00
PKS_ISB_TRF_02,Islamabad,traffic,56.22,64.58,457.13,43.58,26.98,24.07,151.4,UNHEALTHY,2026-07-19T23:09:52.470762+00:00
PKS_PEW_IND_01,Peshawar,industrial,76.1,83.62,691.05,40.23,25.55,36.4,161.6,UNHEALTHY,2026-07-19T23:09:52.470803+00:00
PKS_PEW_RES_02,Peshawar,residential,76.29,94.57,400.0,26.71,72.3,28.36,161.7,UNHEALTHY,2026-07-19T23:09:52.470845+00:00
PKS_MUL_TRF_01,Multan,traffic,48.49,52.19,457.59,25.41,66.87,33.22,133.0,UNHEALTHY FOR SENSITIVE,2026-07-19T23:09:52.470887+00:00
PKS_MUL_PRK_02,Multan,park,8.89,11.43,400.0,33.89,67.3,12.37,37.0,GOOD,2026-07-19T23:09:52.470930+00:00
PKS_KHI_IND_01,Karachi,industrial,72.25,81.06,574.05,38.31,27.33,53.02,159.6,UNHEALTHY,2026-07-19T23:10:24.111595+00:00
PKS_KHI_TRF_02,Karachi,traffic,40.86,48.79,455.47,31.02,70.08,18.94,114.2,UNHEALTHY FOR SENSITIVE,2026-07-19T23:10:24.111673+00:00
PKS_LHR_RES_01,Lahore,residential,74.6,91.38,400.0,27.22,36.7,32.89,160.9,UNHEALTHY,2026-07-19T23:10:24.111719+00:00
PKS_LHR_IND_02,Lahore,industrial,65.52,72.38,548.51,37.8,29.96,12.53,156.2,UNHEALTHY,2026-07-19T23:10:24.111760+00:00
PKS_ISB_PRK_01,Islamabad,park,8.23,9.83,400.0,30.47,68.24,42.95,34.3,GOOD,2026-07-19T23:10:24.111810+00:00
PKS_ISB_TRF_02,Islamabad,traffic,45.37,47.87,400.0,39.99,30.82,48.17,125.3,UNHEALTHY FOR SENSITIVE,2026-07-19T23:10:24.111851+00:00
PKS_PEW_IND_01,Peshawar,industrial,82.69,102.36,633.77,38.65,71.19,52.39,165.0,UNHEALTHY,2026-07-19T23:10:24.111891+00:00
PKS_PEW_RES_02,Peshawar,residential,18.86,21.59,400.0,28.36,44.6,32.44,65.2,MODERATE,2026-07-19T23:10:24.111933+00:00
PKS_MUL_TRF_01,Multan,traffic,47.49,60.95,400.0,44.58,49.89,40.63,130.5,UNHEALTHY FOR SENSITIVE,2026-07-19T23:10:24.111971+00:00
PKS_MUL_PRK_02,Multan,park,9.39,9.95,400.0,38.97,16.69,10.2,39.1,GOOD,2026-07-19T23:10:24.112013+00:00
PKS_KHI_IND_01,Karachi,industrial,234.99,281.5,576.42,41.42,15.27,47.65,284.7,VERY UNHEALTHY,2026-07-19T23:10:35.773431+00:00
PKS_KHI_TRF_02,Karachi,traffic,40.62,47.2,549.91,38.94,62.52,8.86,113.6,UNHEALTHY FOR SENSITIVE,2026-07-19T23:10:35.773492+00:00
PKS_LHR_RES_01,Lahore,residential,31.87,34.97,400.0,28.54,42.52,32.54,92.6,MODERATE,2026-07-19T23:10:35.773525+00:00
PKS_LHR_IND_02,Lahore,industrial,85.31,110.88,545.02,39.34,34.66,2.39,166.4,UNHEALTHY,2026-07-19T23:10:35.773554+00:00
PKS_ISB_PRK_01,Islamabad,park,6.18,7.06,400.0,29.12,48.57,11.28,25.8,GOOD,2026-07-19T23:10:35.773582+00:00
PKS_ISB_TRF_02,Islamabad,traffic,51.76,66.66,407.89,32.05,86.47,53.41,141.0,UNHEALTHY FOR SENSITIVE,2026-07-19T23:10:35.773613+00:00
PKS_PEW_IND_01,Peshawar,industrial,56.47,68.97,452.48,45.0,45.26,17.93,151.5,UNHEALTHY,2026-07-19T23:10:35.773641+00:00
PKS_PEW_RES_02,Peshawar,residential,28.78,30.78,400.0,36.94,61.33,38.95,86.1,MODERATE,2026-07-19T23:10:35.773666+00:00
PKS_MUL_TRF_01,Multan,traffic,37.81,42.93,432.58,27.06,18.49,51.39,106.7,UNHEALTHY FOR SENSITIVE,2026-07-19T23:10:35.773691+00:00
PKS_MUL_PRK_02,Multan,park,5.67,6.04,400.0,32.52,29.12,0.09,23.6,GOOD,2026-07-19T23:10:35.773719+00:00
PKS_KHI_IND_01,Karachi,industrial,64.79,79.29,592.98,31.72,44.59,27.62,155.8,UNHEALTHY,2026-07-19T23:10:46.905532+00:00
PKS_KHI_TRF_02,Karachi,traffic,46.62,55.31,413.75,26.76,14.88,33.96,128.4,UNHEALTHY FOR SENSITIVE,2026-07-19T23:10:46.905656+00:00
PKS_LHR_RES_01,Lahore,residential,21.91,27.81,400.0,24.26,73.55,29.91,71.6,MODERATE,2026-07-19T23:10:46.905712+00:00
PKS_LHR_IND_02,Lahore,industrial,72.03,87.03,574.23,29.31,22.75,28.79,159.5,UNHEALTHY,2026-07-19T23:10:46.905762+00:00
PKS_ISB_PRK_01,Islamabad,park,9.11,11.73,400.0,31.3,45.67,28.8,37.9,GOOD,2026-07-19T23:10:46.905812+00:00
PKS_ISB_TRF_02,Islamabad,traffic,54.95,60.67,453.45,34.61,30.68,5.5,148.9,UNHEALTHY FOR SENSITIVE,2026-07-19T23:10:46.905860+00:00
PKS_PEW_IND_01,Peshawar,industrial,58.39,75.43,635.01,39.0,46.79,5.67,152.5,UNHEALTHY,2026-07-19T23:10:46.905908+00:00
PKS_PEW_RES_02,Peshawar,residential,31.27,39.41,400.0,33.92,62.65,24.37,91.3,MODERATE,2026-07-19T23:10:46.905955+00:00
PKS_MUL_TRF_01,Multan,traffic,66.34,78.98,400.0,32.58,79.35,17.23,156.6,UNHEALTHY,2026-07-19T23:10:46.906012+00:00
PKS_MUL_PRK_02,Multan,park,7.79,8.67,400.0,28.68,38.14,11.73,32.5,GOOD,2026-07-19T23:10:46.906061+00:00
PKS_KHI_IND_01,Karachi,industrial,77.16,96.61,561.87,42.2,78.12,30.75,162.2,UNHEALTHY,2026-07-19T23:11:29.205298+00:00
PKS_KHI_TRF_02,Karachi,traffic,173.22,214.11,426.02,31.42,57.71,9.9,223.5,VERY UNHEALTHY,2026-07-19T23:11:29.205344+00:00
PKS_LHR_RES_01,Lahore,residential,115.83,136.27,400.0,29.05,65.23,43.85,182.2,UNHEALTHY,2026-07-19T23:11:29.205369+00:00
PKS_LHR_IND_02,Lahore,industrial,60.18,70.82,598.12,32.19,21.73,46.65,153.4,UNHEALTHY,2026-07-19T23:11:29.205391+00:00
PKS_ISB_PRK_01,Islamabad,park,7.38,7.87,400.0,29.14,53.12,3.19,30.7,GOOD,2026-07-19T23:11:29.205413+00:00
PKS_ISB_TRF_02,Islamabad,traffic,205.25,242.29,400.0,34.49,15.66,26.11,255.3,VERY UNHEALTHY,2026-07-19T23:11:29.205438+00:00
PKS_PEW_IND_01,Peshawar,industrial,76.39,87.03,458.92,31.26,19.99,57.02,161.8,UNHEALTHY,2026-07-19T23:11:29.205461+00:00
PKS_PEW_RES_02,Peshawar,residential,30.92,34.77,400.0,33.56,68.4,34.53,90.6,MODERATE,2026-07-19T23:11:29.205481+00:00
PKS_MUL_TRF_01,Multan,traffic,40.75,43.65,426.55,29.83,51.52,44.11,113.9,UNHEALTHY FOR SENSITIVE,2026-07-19T23:11:29.205502+00:00
PKS_MUL_PRK_02,Multan,park,13.61,15.27,400.0,28.24,63.34,54.03,54.2,MODERATE,2026-07-19T23:11:29.205524+00:00
PKS_KHI_IND_01,Karachi,industrial,67.99,72.67,624.63,44.01,61.78,34.97,157.4,UNHEALTHY,2026-07-19T23:12:58.203850+00:00
PKS_KHI_TRF_02,Karachi,traffic,55.6,62.66,406.02,39.0,51.21,43.19,151.0,UNHEALTHY,2026-07-19T23:12:58.203932+00:00
PKS_LHR_RES_01,Lahore,residential,72.57,86.8,400.0,34.14,61.66,7.91,159.8,UNHEALTHY,2026-07-19T23:12:58.203978+00:00
PKS_LHR_IND_02,Lahore,industrial,67.25,80.64,572.87,27.61,47.69,44.35,157.1,UNHEALTHY,2026-07-19T23:12:58.204017+00:00
PKS_ISB_PRK_01,Islamabad,park,10.48,13.25,400.0,25.5,18.86,19.21,43.7,GOOD,2026-07-19T23:12:58.204056+00:00
PKS_ISB_TRF_02,Islamabad,traffic,62.64,71.32,405.57,38.42,31.71,23.48,154.7,UNHEALTHY,2026-07-19T23:12:58.204094+00:00
PKS_PEW_IND_01,Peshawar,industrial,77.44,88.72,590.48,41.66,29.82,53.31,162.3,UNHEALTHY,2026-07-19T23:12:58.204132+00:00
PKS_PEW_RES_02,Peshawar,residential,30.29,32.55,400.0,31.29,75.72,55.46,89.2,MODERATE,2026-07-19T23:12:58.204169+00:00
PKS_MUL_TRF_01,Multan,traffic,44.2,54.1,429.43,26.18,19.09,38.79,122.4,UNHEALTHY FOR SENSITIVE,2026-07-19T23:12:58.204209+00:00
PKS_MUL_PRK_02,Multan,park,5.63,6.39,400.0,28.21,53.5,51.27,23.5,GOOD,2026-07-19T23:12:58.204248+00:00
PKS_KHI_IND_01,Karachi,industrial,51.41,59.11,523.25,39.39,38.3,57.64,140.2,UNHEALTHY FOR SENSITIVE,2026-07-19T23:13:29.963694+00:00
PKS_KHI_TRF_02,Karachi,traffic,52.76,68.14,414.85,30.07,17.04,14.42,143.5,UNHEALTHY FOR SENSITIVE,2026-07-19T23:13:29.963725+00:00
PKS_LHR_RES_01,Lahore,residential,36.51,46.56,400.0,32.38,57.86,22.25,103.5,UNHEALTHY FOR SENSITIVE,2026-07-19T23:13:29.963738+00:00
PKS_LHR_IND_02,Lahore,industrial,77.11,91.1,496.88,43.75,49.36,9.78,162.2,UNHEALTHY,2026-07-19T23:13:29.963749+00:00
PKS_ISB_PRK_01,Islamabad,park,9.69,10.72,400.0,25.14,88.31,47.81,40.4,GOOD,2026-07-19T23:13:29.963761+00:00
PKS_ISB_TRF_02,Islamabad,traffic,51.28,57.62,406.3,34.67,54.46,23.83,139.9,UNHEALTHY FOR SENSITIVE,2026-07-19T23:13:29.963771+00:00
PKS_PEW_IND_01,Peshawar,industrial,240.28,264.26,478.7,35.33,47.7,47.39,290.0,VERY UNHEALTHY,2026-07-19T23:13:29.963783+00:00
PKS_PEW_RES_02,Peshawar,residential,18.82,19.77,400.0,26.03,68.49,55.64,65.1,MODERATE,2026-07-19T23:13:29.963794+00:00
PKS_MUL_TRF_01,Multan,traffic,203.69,230.99,400.0,30.63,27.15,13.99,253.7,VERY UNHEALTHY,2026-07-19T23:13:29.963804+00:00
PKS_MUL_PRK_02,Multan,park,12.38,13.25,400.0,33.65,35.66,30.07,51.6,MODERATE,2026-07-19T23:13:29.963815+00:00
PKS_KHI_IND_01,Karachi,industrial,78.34,88.13,497.88,36.0,53.69,7.54,162.8,UNHEALTHY,2026-07-19T23:14:06.501597+00:00
PKS_KHI_TRF_02,Karachi,traffic,50.08,59.85,452.8,35.14,62.49,40.35,136.9,UNHEALTHY FOR SENSITIVE,2026-07-19T23:14:06.501698+00:00
PKS_LHR_RES_01,Lahore,residential,18.13,22.89,400.0,38.17,42.14,43.05,63.7,MODERATE,2026-07-19T23:14:06.501755+00:00
PKS_LHR_IND_02,Lahore,industrial,90.63,107.26,487.12,35.51,82.2,17.63,169.1,UNHEALTHY,2026-07-19T23:14:06.501803+00:00
PKS_ISB_PRK_01,Islamabad,park,10.2,11.94,400.0,22.41,29.03,37.67,42.5,GOOD,2026-07-19T23:14:06.501846+00:00
PKS_ISB_TRF_02,Islamabad,traffic,48.8,56.93,546.66,28.04,23.59,30.11,133.7,UNHEALTHY FOR SENSITIVE,2026-07-19T23:14:06.501895+00:00
PKS_PEW_IND_01,Peshawar,industrial,79.21,98.03,649.99,31.32,65.0,34.34,163.2,UNHEALTHY,2026-07-19T23:14:06.501945+00:00
PKS_PEW_RES_02,Peshawar,residential,87.21,101.8,400.0,30.89,59.35,39.38,167.4,UNHEALTHY,2026-07-19T23:14:06.501992+00:00
PKS_MUL_TRF_01,Multan,traffic,49.0,60.92,400.0,40.39,85.71,30.3,134.2,UNHEALTHY FOR SENSITIVE,2026-07-19T23:14:06.502037+00:00
PKS_MUL_PRK_02,Multan,park,45.46,49.26,400.0,31.08,67.01,1.05,125.5,UNHEALTHY FOR SENSITIVE,2026-07-19T23:14:06.502086+00:00
PKS_KHI_IND_01,Karachi,industrial,92.59,110.78,420.64,38.34,19.03,22.86,170.2,UNHEALTHY,2026-07-19T23:14:17.640749+00:00
PKS_KHI_TRF_02,Karachi,traffic,61.22,70.47,435.81,30.83,46.67,2.82,154.0,UNHEALTHY,2026-07-19T23:14:17.640837+00:00
PKS_LHR_RES_01,Lahore,residential,25.64,29.77,400.0,27.77,71.44,28.33,79.5,MODERATE,2026-07-19T23:14:17.640887+00:00
PKS_LHR_IND_02,Lahore,industrial,80.96,97.16,516.47,38.14,21.6,32.53,164.1,UNHEALTHY,2026-07-19T23:14:17.640930+00:00
PKS_ISB_PRK_01,Islamabad,park,44.74,56.04,400.0,33.01,62.42,24.02,123.7,UNHEALTHY FOR SENSITIVE,2026-07-19T23:14:17.640982+00:00
PKS_ISB_TRF_02,Islamabad,traffic,135.52,151.97,470.12,40.77,16.9,37.03,192.3,UNHEALTHY,2026-07-19T23:14:17.641029+00:00
PKS_PEW_IND_01,Peshawar,industrial,66.89,79.18,711.35,29.61,18.35,29.14,156.9,UNHEALTHY,2026-07-19T23:14:17.641071+00:00
PKS_PEW_RES_02,Peshawar,residential,28.72,30.31,400.0,33.23,36.84,56.33,86.0,MODERATE,2026-07-19T23:14:17.641112+00:00
PKS_MUL_TRF_01,Multan,traffic,55.39,70.39,436.79,28.59,85.68,34.99,150.0,UNHEALTHY FOR SENSITIVE,2026-07-19T23:14:17.641156+00:00
PKS_MUL_PRK_02,Multan,park,10.85,12.97,400.0,25.28,84.28,21.98,45.2,GOOD,2026-07-19T23:14:17.641199+00:00
PKS_KHI_IND_01,Karachi,industrial,67.75,87.31,573.41,41.65,45.66,32.11,157.3,UNHEALTHY,2026-07-19T23:15:17.984759+00:00
PKS_KHI_TRF_02,Karachi,traffic,54.47,68.07,458.12,29.17,10.41,52.53,147.7,UNHEALTHY FOR SENSITIVE,2026-07-19T23:15:17.984841+00:00
PKS_LHR_RES_01,Lahore,residential,21.33,26.47,400.0,23.24,37.14,25.89,70.4,MODERATE,2026-07-19T23:15:17.984891+00:00
PKS_LHR_IND_02,Lahore,industrial,287.59,315.34,445.91,29.25,17.36,3.38,330.5,HAZARDOUS,2026-07-19T23:15:17.984939+00:00
PKS_ISB_PRK_01,Islamabad,park,13.74,17.28,400.0,26.82,51.63,27.79,54.4,MODERATE,2026-07-19T23:15:17.984983+00:00
PKS_ISB_TRF_02,Islamabad,traffic,128.74,159.08,519.03,28.84,31.33,30.41,188.8,UNHEALTHY,2026-07-19T23:15:17.985033+00:00
PKS_PEW_IND_01,Peshawar,industrial,66.72,76.83,454.81,28.64,67.36,58.08,156.8,UNHEALTHY,2026-07-19T23:15:17.985075+00:00
PKS_PEW_RES_02,Peshawar,residential,31.14,34.65,400.0,35.28,80.94,7.44,91.0,MODERATE,2026-07-19T23:15:17.985118+00:00
PKS_MUL_TRF_01,Multan,traffic,61.13,74.83,417.65,33.11,22.0,33.53,153.9,UNHEALTHY,2026-07-19T23:15:17.985162+00:00
PKS_MUL_PRK_02,Multan,park,11.58,12.47,400.0,25.71,25.95,14.27,48.3,GOOD,2026-07-19T23:15:17.985204+00:00
PKS_KHI_IND_01,Karachi,industrial,93.14,99.22,567.73,34.61,77.83,43.83,170.4,UNHEALTHY,2026-07-19T23:15:29.177834+00:00
PKS_KHI_TRF_02,Karachi,traffic,51.75,54.69,498.17,30.65,82.67,36.8,141.0,UNHEALTHY FOR SENSITIVE,2026-07-19T23:15:29.177906+00:00
PKS_LHR_RES_01,Lahore,residential,28.32,30.82,400.0,28.66,61.39,45.33,85.1,MODERATE,2026-07-19T23:15:29.177948+00:00
PKS_LHR_IND_02,Lahore,industrial,248.47,281.12,631.87,43.6,68.99,4.56,298.1,VERY UNHEALTHY,2026-07-19T23:15:29.177988+00:00
PKS_ISB_PRK_01,Islamabad,park,9.8,10.48,400.0,23.67,28.35,9.92,40.8,GOOD,2026-07-19T23:15:29.178027+00:00
PKS_ISB_TRF_02,Islamabad,traffic,53.51,57.14,473.6,39.49,85.66,35.01,145.3,UNHEALTHY FOR SENSITIVE,2026-07-19T23:15:29.178065+00:00
PKS_PEW_IND_01,Peshawar,industrial,67.44,81.81,534.52,34.91,35.87,55.34,157.2,UNHEALTHY,2026-07-19T23:15:29.178106+00:00
PKS_PEW_RES_02,Peshawar,residential,29.28,31.49,400.0,36.53,55.21,22.12,87.1,MODERATE,2026-07-19T23:15:29.178147+00:00
PKS_MUL_TRF_01,Multan,traffic,65.5,70.49,455.62,33.41,75.53,58.16,156.2,UNHEALTHY,2026-07-19T23:15:29.178185+00:00
PKS_MUL_PRK_02,Multan,park,7.51,8.87,400.0,26.14,27.23,9.0,31.3,GOOD,2026-07-19T23:15:29.178222+00:00
PKS_KHI_IND_01,Karachi,industrial,91.19,100.34,599.39,31.12,70.61,42.15,169.4,UNHEALTHY,2026-07-19T23:15:42.317551+00:00
PKS_KHI_TRF_02,Karachi,traffic,195.99,239.16,400.0,35.64,25.9,49.7,246.1,VERY UNHEALTHY,2026-07-19T23:15:42.317578+00:00
PKS_LHR_RES_01,Lahore,residential,35.24,42.7,400.0,33.29,30.08,49.47,99.7,MODERATE,2026-07-19T23:15:42.317590+00:00
PKS_LHR_IND_02,Lahore,industrial,72.36,78.34,546.98,31.75,26.26,21.82,159.7,UNHEALTHY,2026-07-19T23:15:42.317600+00:00
PKS_ISB_PRK_01,Islamabad,park,6.71,7.54,400.0,32.6,26.47,13.01,28.0,GOOD,2026-07-19T23:15:42.317611+00:00
PKS_ISB_TRF_02,Islamabad,traffic,136.13,161.08,564.85,33.46,33.35,54.15,192.6,UNHEALTHY,2026-07-19T23:15:42.317621+00:00
PKS_PEW_IND_01,Peshawar,industrial,64.64,79.59,705.01,33.36,39.87,33.5,155.7,UNHEALTHY,2026-07-19T23:15:42.317631+00:00
PKS_PEW_RES_02,Peshawar,residential,21.74,26.61,400.0,37.58,28.12,16.56,71.3,MODERATE,2026-07-19T23:15:42.317640+00:00
PKS_MUL_TRF_01,Multan,traffic,64.08,69.51,427.13,34.66,13.5,40.14,155.4,UNHEALTHY,2026-07-19T23:15:42.317651+00:00
PKS_MUL_PRK_02,Multan,park,15.19,16.91,400.0,25.46,26.43,25.57,57.5,MODERATE,2026-07-19T23:15:42.317660+00:00
PKS_KHI_IND_01,Karachi,industrial,66.36,77.5,627.58,32.99,42.12,54.53,156.6,UNHEALTHY,2026-07-19T23:15:53.388615+00:00
PKS_KHI_TRF_02,Karachi,traffic,47.87,59.12,443.09,30.05,41.56,56.76,131.5,UNHEALTHY FOR SENSITIVE,2026-07-19T23:15:53.388710+00:00
PKS_LHR_RES_01,Lahore,residential,32.96,40.77,400.0,29.48,33.95,37.93,94.9,MODERATE,2026-07-19T23:15:53.388761+00:00
PKS_LHR_IND_02,Lahore,industrial,238.47,262.91,511.02,40.7,85.23,38.62,288.2,VERY UNHEALTHY,2026-07-19T23:15:53.388809+00:00
PKS_ISB_PRK_01,Islamabad,park,8.74,9.75,400.0,34.69,51.83,43.53,36.4,GOOD,2026-07-19T23:15:53.388852+00:00
PKS_ISB_TRF_02,Islamabad,traffic,56.71,69.1,424.9,41.65,21.15,50.23,151.6,UNHEALTHY,2026-07-19T23:15:53.388895+00:00
PKS_PEW_IND_01,Peshawar,industrial,64.1,76.05,541.85,29.26,22.75,0.5,155.4,UNHEALTHY,2026-07-19T23:15:53.388939+00:00
PKS_PEW_RES_02,Peshawar,residential,30.12,35.3,400.0,37.45,89.06,49.66,88.9,MODERATE,2026-07-19T23:15:53.388978+00:00
PKS_MUL_TRF_01,Multan,traffic,63.32,72.32,433.59,40.71,37.14,46.6,155.0,UNHEALTHY,2026-07-19T23:15:53.389020+00:00
PKS_MUL_PRK_02,Multan,park,12.97,16.35,400.0,38.17,24.19,17.03,52.8,MODERATE,2026-07-19T23:15:53.389061+00:00
PKS_KHI_IND_01,Karachi,industrial,283.74,360.76,531.8,33.88,39.98,48.1,327.5,HAZARDOUS,2026-07-19T23:16:04.488228+00:00
PKS_KHI_TRF_02,Karachi,traffic,46.63,52.23,454.94,31.4,87.04,29.46,128.4,UNHEALTHY FOR SENSITIVE,2026-07-19T23:16:04.488305+00:00
PKS_LHR_RES_01,Lahore,residential,30.74,33.34,400.0,31.86,82.43,14.84,90.2,MODERATE,2026-07-19T23:16:04.488350+00:00
PKS_LHR_IND_02,Lahore,industrial,58.19,62.97,678.03,38.49,45.38,56.54,152.4,UNHEALTHY,2026-07-19T23:16:04.488391+00:00
PKS_ISB_PRK_01,Islamabad,park,7.44,8.28,400.0,20.35,22.66,53.57,31.0,GOOD,2026-07-19T23:16:04.488429+00:00
PKS_ISB_TRF_02,Islamabad,traffic,37.79,42.73,503.76,42.17,21.43,25.45,106.6,UNHEALTHY FOR SENSITIVE,2026-07-19T23:16:04.488467+00:00
PKS_PEW_IND_01,Peshawar,industrial,64.13,79.9,658.92,36.26,26.91,0.55,155.5,UNHEALTHY,2026-07-19T23:16:04.488505+00:00
PKS_PEW_RES_02,Peshawar,residential,31.74,40.48,400.0,32.54,84.68,17.07,92.3,MODERATE,2026-07-19T23:16:04.488546+00:00
PKS_MUL_TRF_01,Multan,traffic,50.11,53.21,414.6,31.41,55.17,26.03,137.0,UNHEALTHY FOR SENSITIVE,2026-07-19T23:16:04.488586+00:00
PKS_MUL_PRK_02,Multan,park,10.5,11.43,400.0,24.96,23.89,31.71,43.8,GOOD,2026-07-19T23:16:04.488624+00:00
PKS_KHI_IND_01,Karachi,industrial,247.31,261.24,561.77,36.95,60.54,55.91,296.9,VERY UNHEALTHY,2026-07-19T23:16:15.575811+00:00
PKS_KHI_TRF_02,Karachi,traffic,61.62,77.37,516.66,34.51,39.34,41.46,154.2,UNHEALTHY,2026-07-19T23:16:15.575843+00:00
PKS_LHR_RES_01,Lahore,residential,31.18,39.7,400.0,22.24,79.18,44.47,91.1,MODERATE,2026-07-19T23:16:15.575856+00:00
PKS_LHR_IND_02,Lahore,industrial,66.43,84.75,536.31,28.39,47.82,27.42,156.6,UNHEALTHY,2026-07-19T23:16:15.575866+00:00
PKS_ISB_PRK_01,Islamabad,park,6.53,7.88,400.0,28.5,68.22,26.06,27.2,GOOD,2026-07-19T23:16:15.575877+00:00
PKS_ISB_TRF_02,Islamabad,traffic,57.1,67.02,400.0,34.74,16.09,53.5,151.8,UNHEALTHY,2026-07-19T23:16:15.575887+00:00
PKS_PEW_IND_01,Peshawar,industrial,187.73,227.59,486.54,27.88,40.42,56.33,237.9,VERY UNHEALTHY,2026-07-19T23:16:15.575897+00:00
PKS_PEW_RES_02,Peshawar,residential,67.26,76.54,400.0,34.15,62.77,57.33,157.1,UNHEALTHY,2026-07-19T23:16:15.575907+00:00
PKS_MUL_TRF_01,Multan,traffic,46.01,52.59,509.35,27.55,75.1,42.32,126.9,UNHEALTHY FOR SENSITIVE,2026-07-19T23:16:15.575916+00:00
PKS_MUL_PRK_02,Multan,park,9.0,10.85,400.0,26.25,86.36,41.86,37.5,GOOD,2026-07-19T23:16:15.575926+00:00
PKS_KHI_IND_01,Karachi,industrial,68.97,88.32,660.9,31.22,67.02,31.3,158.0,UNHEALTHY,2026-07-19T23:16:51.486546+00:00
PKS_KHI_TRF_02,Karachi,traffic,46.53,55.68,449.15,39.67,87.2,16.28,128.2,UNHEALTHY FOR SENSITIVE,2026-07-19T23:16:51.486575+00:00
PKS_LHR_RES_01,Lahore,residential,30.99,35.13,400.0,28.42,82.47,3.5,90.7,MODERATE,2026-07-19T23:16:51.486589+00:00
PKS_LHR_IND_02,Lahore,industrial,58.75,68.32,545.89,34.5,76.14,19.54,152.7,UNHEALTHY,2026-07-19T23:16:51.486604+00:00
PKS_ISB_PRK_01,Islamabad,park,9.79,12.07,400.0,34.59,20.59,34.21,40.8,GOOD,2026-07-19T23:16:51.486616+00:00
PKS_ISB_TRF_02,Islamabad,traffic,49.04,63.1,409.46,28.71,45.99,21.03,134.3,UNHEALTHY FOR SENSITIVE,2026-07-19T23:16:51.486628+00:00
PKS_PEW_IND_01,Peshawar,industrial,62.85,66.67,679.26,29.68,44.54,55.32,154.8,UNHEALTHY,2026-07-19T23:16:51.486640+00:00
PKS_PEW_RES_02,Peshawar,residential,23.58,27.48,405.24,31.87,17.7,52.82,75.1,MODERATE,2026-07-19T23:16:51.486652+00:00
PKS_MUL_TRF_01,Multan,traffic,67.17,73.08,482.86,34.25,49.36,45.47,157.0,UNHEALTHY,2026-07-19T23:16:51.486664+00:00
PKS_MUL_PRK_02,Multan,park,11.29,13.76,400.0,26.77,20.51,24.77,47.0,GOOD,2026-07-19T23:16:51.486676+00:00
PKS_KHI_IND_01,Karachi,industrial,81.29,90.87,515.19,41.8,53.17,9.94,164.3,UNHEALTHY,2026-07-19T23:17:47.400880+00:00
PKS_KHI_TRF_02,Karachi,traffic,50.45,61.9,446.39,33.71,65.8,12.83,137.8,UNHEALTHY FOR SENSITIVE,2026-07-19T23:17:47.400931+00:00
PKS_LHR_RES_01,Lahore,residential,36.29,41.73,400.0,34.9,25.04,32.41,103.0,UNHEALTHY FOR SENSITIVE,2026-07-19T23:17:47.400961+00:00
PKS_LHR_IND_02,Lahore,industrial,69.92,82.55,650.25,38.63,73.9,44.42,158.4,UNHEALTHY,2026-07-19T23:17:47.400988+00:00
PKS_ISB_PRK_01,Islamabad,park,10.5,11.06,400.0,23.32,18.4,55.41,43.8,GOOD,2026-07-19T23:17:47.401016+00:00
PKS_ISB_TRF_02,Islamabad,traffic,53.55,69.34,400.0,30.19,45.64,2.96,145.4,UNHEALTHY FOR SENSITIVE,2026-07-19T23:17:47.401042+00:00
PKS_PEW_IND_01,Peshawar,industrial,80.97,90.49,565.01,35.51,72.37,54.47,164.1,UNHEALTHY,2026-07-19T23:17:47.401067+00:00
PKS_PEW_RES_02,Peshawar,residential,68.04,73.63,400.0,36.3,50.89,50.94,157.5,UNHEALTHY,2026-07-19T23:17:47.401092+00:00
PKS_MUL_TRF_01,Multan,traffic,44.9,48.58,416.95,34.89,86.13,14.73,124.2,UNHEALTHY FOR SENSITIVE,2026-07-19T23:17:47.401122+00:00
PKS_MUL_PRK_02,Multan,park,7.39,8.36,400.0,32.37,60.99,7.19,30.8,GOOD,2026-07-19T23:17:47.401148+00:00
PKS_KHI_IND_01,Karachi,industrial,84.77,89.58,615.17,43.41,87.96,39.81,166.1,UNHEALTHY,2026-07-19T23:18:07.919521+00:00
PKS_KHI_TRF_02,Karachi,traffic,197.88,233.38,539.57,29.6,61.78,11.18,247.9,VERY UNHEALTHY,2026-07-19T23:18:07.919572+00:00
PKS_LHR_RES_01,Lahore,residential,24.65,30.94,400.0,32.98,15.63,30.05,77.4,MODERATE,2026-07-19T23:18:07.919600+00:00
PKS_LHR_IND_02,Lahore,industrial,329.86,354.09,574.11,35.64,62.4,8.89,364.2,HAZARDOUS,2026-07-19T23:18:07.919628+00:00
PKS_ISB_PRK_01,Islamabad,park,10.82,13.43,400.0,27.29,41.28,9.62,45.1,GOOD,2026-07-19T23:18:07.919655+00:00
PKS_ISB_TRF_02,Islamabad,traffic,48.35,59.09,400.0,29.64,63.34,46.11,132.6,UNHEALTHY FOR SENSITIVE,2026-07-19T23:18:07.919680+00:00
PKS_PEW_IND_01,Peshawar,industrial,84.07,108.65,509.13,41.09,45.0,34.44,165.8,UNHEALTHY,2026-07-19T23:18:07.919709+00:00
PKS_PEW_RES_02,Peshawar,residential,39.91,50.12,400.0,22.89,80.59,35.18,111.9,UNHEALTHY FOR SENSITIVE,2026-07-19T23:18:07.919734+00:00
PKS_MUL_TRF_01,Multan,traffic,42.9,50.33,501.25,29.37,30.24,51.99,119.2,UNHEALTHY FOR SENSITIVE,2026-07-19T23:18:07.919759+00:00
PKS_MUL_PRK_02,Multan,park,7.49,9.46,400.0,37.42,49.31,6.41,31.2,GOOD,2026-07-19T23:18:07.919784+00:00
PKS_KHI_IND_01,Karachi,industrial,63.34,66.7,592.34,33.55,71.11,42.62,155.0,UNHEALTHY,2026-07-19T23:18:26.187786+00:00
PKS_KHI_TRF_02,Karachi,traffic,50.11,53.31,529.92,33.58,34.25,25.82,137.0,UNHEALTHY FOR SENSITIVE,2026-07-19T23:18:26.187876+00:00
PKS_LHR_RES_01,Lahore,residential,21.24,26.09,400.0,26.1,79.68,46.35,70.2,MODERATE,2026-07-19T23:18:26.187926+00:00
PKS_LHR_IND_02,Lahore,industrial,212.69,267.47,439.71,35.8,74.52,21.8,262.6,VERY UNHEALTHY,2026-07-19T23:18:26.187971+00:00
PKS_ISB_PRK_01,Islamabad,park,7.52,8.27,400.0,35.95,61.8,49.84,31.3,GOOD,2026-07-19T23:18:26.188016+00:00
PKS_ISB_TRF_02,Islamabad,traffic,38.01,41.15,560.33,29.97,21.11,32.94,107.2,UNHEALTHY FOR SENSITIVE,2026-07-19T23:18:26.188060+00:00
PKS_PEW_IND_01,Peshawar,industrial,82.97,94.59,477.78,36.98,86.15,14.1,165.2,UNHEALTHY,2026-07-19T23:18:26.188103+00:00
PKS_PEW_RES_02,Peshawar,residential,29.56,35.9,400.0,25.13,89.57,28.06,87.7,MODERATE,2026-07-19T23:18:26.188150+00:00
PKS_MUL_TRF_01,Multan,traffic,55.07,70.94,536.92,36.42,52.38,13.5,149.2,UNHEALTHY FOR SENSITIVE,2026-07-19T23:18:26.188192+00:00
PKS_MUL_PRK_02,Multan,park,6.5,7.4,400.0,33.91,73.35,43.39,27.1,GOOD,2026-07-19T23:18:26.188235+00:00
PKS_KHI_IND_01,Karachi,industrial,72.08,87.46,401.5,38.52,69.65,31.47,159.6,UNHEALTHY,2026-07-19T23:18:53.435116+00:00
PKS_KHI_TRF_02,Karachi,traffic,59.28,75.95,454.09,34.31,17.43,2.95,153.0,UNHEALTHY,2026-07-19T23:18:53.435250+00:00
PKS_LHR_RES_01,Lahore,residential,18.46,21.16,400.0,25.46,43.28,22.5,64.4,MODERATE,2026-07-19T23:18:53.435313+00:00
PKS_LHR_IND_02,Lahore,industrial,91.79,101.19,514.51,34.08,54.64,24.36,169.7,UNHEALTHY,2026-07-19T23:18:53.435358+00:00
PKS_ISB_PRK_01,Islamabad,park,9.45,10.51,400.0,27.34,35.41,9.88,39.4,GOOD,2026-07-19T23:18:53.435401+00:00
PKS_ISB_TRF_02,Islamabad,traffic,49.27,52.74,514.55,32.25,49.33,3.08,134.9,UNHEALTHY FOR SENSITIVE,2026-07-19T23:18:53.435445+00:00
PKS_PEW_IND_01,Peshawar,industrial,70.57,80.71,464.65,37.34,45.51,30.7,158.8,UNHEALTHY,2026-07-19T23:18:53.435487+00:00
PKS_PEW_RES_02,Peshawar,residential,22.38,24.44,400.0,28.21,64.69,34.09,72.6,MODERATE,2026-07-19T23:18:53.435527+00:00
PKS_MUL_TRF_01,Multan,traffic,164.41,187.41,563.42,34.09,31.06,58.5,214.8,VERY UNHEALTHY,2026-07-19T23:18:53.435570+00:00
PKS_MUL_PRK_02,Multan,park,48.03,59.41,400.0,21.28,16.62,24.66,131.8,UNHEALTHY FOR SENSITIVE,2026-07-19T23:18:53.435626+00:00
PKS_KHI_IND_01,Karachi,industrial,202.79,217.42,540.01,41.73,63.59,51.89,252.8,VERY UNHEALTHY,2026-07-19T23:19:04.565535+00:00
PKS_KHI_TRF_02,Karachi,traffic,42.19,51.39,533.85,33.87,79.02,38.46,117.5,UNHEALTHY FOR SENSITIVE,2026-07-19T23:19:04.565567+00:00
PKS_LHR_RES_01,Lahore,residential,20.75,23.16,400.0,34.83,52.99,57.65,69.2,MODERATE,2026-07-19T23:19:04.565578+00:00
PKS_LHR_IND_02,Lahore,industrial,278.8,353.33,746.9,35.95,50.1,18.73,323.5,HAZARDOUS,2026-07-19T23:19:04.565589+00:00
PKS_ISB_PRK_01,Islamabad,park,29.09,36.0,400.0,23.0,87.34,20.59,86.7,MODERATE,2026-07-19T23:19:04.565600+00:00
PKS_ISB_TRF_02,Islamabad,traffic,40.18,52.01,400.0,38.18,61.6,1.8,112.5,UNHEALTHY FOR SENSITIVE,2026-07-19T23:19:04.565610+00:00
PKS_PEW_IND_01,Peshawar,industrial,60.78,65.87,615.59,39.86,68.72,38.39,153.7,UNHEALTHY,2026-07-19T23:19:04.565620+00:00
PKS_PEW_RES_02,Peshawar,residential,23.48,25.05,400.0,34.59,82.8,22.48,74.9,MODERATE,2026-07-19T23:19:04.565629+00:00
PKS_MUL_TRF_01,Multan,traffic,54.96,71.41,449.12,35.74,48.61,51.37,148.9,UNHEALTHY FOR SENSITIVE,2026-07-19T23:19:04.565639+00:00
PKS_MUL_PRK_02,Multan,park,31.13,37.98,400.0,27.14,11.28,18.85,91.0,MODERATE,2026-07-19T23:19:04.565649+00:00
PKS_KHI_IND_01,Karachi,industrial,60.61,72.3,696.55,28.94,69.0,31.09,153.6,UNHEALTHY,2026-07-19T23:19:15.672046+00:00
PKS_KHI_TRF_02,Karachi,traffic,40.68,52.29,566.14,38.02,24.86,12.82,113.8,UNHEALTHY FOR SENSITIVE,2026-07-19T23:19:15.672132+00:00
PKS_LHR_RES_01,Lahore,residential,34.63,36.86,400.0,24.31,58.96,5.19,98.4,MODERATE,2026-07-19T23:19:15.672180+00:00
PKS_LHR_IND_02,Lahore,industrial,96.26,119.52,497.05,29.91,87.98,34.55,172.0,UNHEALTHY,2026-07-19T23:19:15.672225+00:00
PKS_ISB_PRK_01,Islamabad,park,6.42,6.97,400.0,33.7,21.55,43.48,26.8,GOOD,2026-07-19T23:19:15.672268+00:00
PKS_ISB_TRF_02,Islamabad,traffic,50.6,54.1,471.21,32.36,48.11,24.27,138.2,UNHEALTHY FOR SENSITIVE,2026-07-19T23:19:15.672309+00:00
PKS_PEW_IND_01,Peshawar,industrial,272.24,322.28,585.86,40.48,63.62,32.32,318.3,HAZARDOUS,2026-07-19T23:19:15.672353+00:00
PKS_PEW_RES_02,Peshawar,residential,31.5,36.95,400.0,23.8,58.73,41.99,91.8,MODERATE,2026-07-19T23:19:15.672393+00:00
PKS_MUL_TRF_01,Multan,traffic,46.6,52.38,465.09,36.01,56.38,5.05,128.3,UNHEALTHY FOR SENSITIVE,2026-07-19T23:19:15.672432+00:00
PKS_MUL_PRK_02,Multan,park,41.28,43.38,400.0,29.4,68.59,29.66,115.2,UNHEALTHY FOR SENSITIVE,2026-07-19T23:19:15.672475+00:00
PKS_KHI_IND_01,Karachi,industrial,57.56,70.03,522.9,33.79,46.92,44.41,152.1,UNHEALTHY,2026-07-19T23:19:26.820897+00:00
PKS_KHI_TRF_02,Karachi,traffic,54.14,67.22,441.17,27.5,62.75,3.98,146.9,UNHEALTHY FOR SENSITIVE,2026-07-19T23:19:26.820999+00:00
PKS_LHR_RES_01,Lahore,residential,27.74,33.28,400.0,31.96,62.09,37.96,83.9,MODERATE,2026-07-19T23:19:26.821069+00:00
PKS_LHR_IND_02,Lahore,industrial,71.91,82.85,621.1,39.17,33.3,7.21,159.5,UNHEALTHY,2026-07-19T23:19:26.821128+00:00
PKS_ISB_PRK_01,Islamabad,park,12.65,14.04,400.0,32.31,81.94,18.14,52.2,MODERATE,2026-07-19T23:19:26.821189+00:00
PKS_ISB_TRF_02,Islamabad,traffic,52.39,58.69,514.15,31.34,47.88,1.94,142.6,UNHEALTHY FOR SENSITIVE,2026-07-19T23:19:26.821242+00:00
PKS_PEW_IND_01,Peshawar,industrial,82.06,93.13,618.89,37.96,50.7,19.64,164.7,UNHEALTHY,2026-07-19T23:19:26.821293+00:00
PKS_PEW_RES_02,Peshawar,residential,32.53,35.3,400.0,33.61,45.09,37.37,94.0,MODERATE,2026-07-19T23:19:26.821345+00:00
PKS_MUL_TRF_01,Multan,traffic,51.3,60.66,577.92,32.39,55.24,23.15,139.9,UNHEALTHY FOR SENSITIVE,2026-07-19T23:19:26.821405+00:00
PKS_MUL_PRK_02,Multan,park,10.17,11.23,400.0,32.44,38.68,56.37,42.4,GOOD,2026-07-19T23:19:26.821463+00:00
PKS_KHI_IND_01,Karachi,industrial,77.67,83.13,498.0,35.09,63.26,54.27,162.4,UNHEALTHY,2026-07-19T23:19:37.998349+00:00
PKS_KHI_TRF_02,Karachi,traffic,57.32,65.41,432.02,29.91,29.16,59.15,151.9,UNHEALTHY,2026-07-19T23:19:37.998413+00:00
PKS_LHR_RES_01,Lahore,residential,22.64,27.72,400.0,26.79,38.94,59.82,73.2,MODERATE,2026-07-19T23:19:37.998451+00:00
PKS_LHR_IND_02,Lahore,industrial,59.02,63.25,512.93,34.67,68.62,27.92,152.8,UNHEALTHY,2026-07-19T23:19:37.998513+00:00
PKS_ISB_PRK_01,Islamabad,park,12.36,15.31,400.0,20.55,68.9,56.42,51.5,MODERATE,2026-07-19T23:19:37.998556+00:00
PKS_ISB_TRF_02,Islamabad,traffic,52.82,65.2,459.06,45.0,32.21,57.81,143.7,UNHEALTHY FOR SENSITIVE,2026-07-19T23:19:37.998595+00:00
PKS_PEW_IND_01,Peshawar,industrial,99.61,124.35,547.12,34.44,68.66,48.38,173.8,UNHEALTHY,2026-07-19T23:19:37.998633+00:00
PKS_PEW_RES_02,Peshawar,residential,35.11,44.7,400.0,30.51,85.44,30.4,99.4,MODERATE,2026-07-19T23:19:37.998670+00:00
PKS_MUL_TRF_01,Multan,traffic,45.02,55.32,452.7,31.13,13.22,45.7,124.4,UNHEALTHY FOR SENSITIVE,2026-07-19T23:19:37.998707+00:00
PKS_MUL_PRK_02,Multan,park,10.61,13.69,400.0,26.61,21.7,11.28,44.2,GOOD,2026-07-19T23:19:37.998745+00:00
PKS_KHI_IND_01,Karachi,industrial,60.31,73.54,569.38,33.67,32.03,55.73,153.5,UNHEALTHY,2026-07-19T23:19:49.187255+00:00
PKS_KHI_TRF_02,Karachi,traffic,158.01,204.49,511.37,31.65,62.0,35.64,208.4,VERY UNHEALTHY,2026-07-19T23:19:49.187337+00:00
PKS_LHR_RES_01,Lahore,residential,17.37,21.44,400.0,31.31,22.94,13.42,62.1,MODERATE,2026-07-19T23:19:49.187388+00:00
PKS_LHR_IND_02,Lahore,industrial,69.6,78.08,457.83,28.78,82.35,4.61,158.3,UNHEALTHY,2026-07-19T23:19:49.187432+00:00
PKS_ISB_PRK_01,Islamabad,park,28.97,34.97,400.0,28.38,61.58,58.34,86.5,MODERATE,2026-07-19T23:19:49.187474+00:00
PKS_ISB_TRF_02,Islamabad,traffic,42.51,55.06,532.13,26.57,76.93,27.4,118.3,UNHEALTHY FOR SENSITIVE,2026-07-19T23:19:49.187522+00:00
PKS_PEW_IND_01,Peshawar,industrial,63.84,73.07,535.07,36.95,23.19,44.98,155.3,UNHEALTHY,2026-07-19T23:19:49.187565+00:00
PKS_PEW_RES_02,Peshawar,residential,36.63,38.92,400.0,39.82,80.98,30.0,103.8,UNHEALTHY FOR SENSITIVE,2026-07-19T23:19:49.187606+00:00
PKS_MUL_TRF_01,Multan,traffic,58.7,68.56,545.12,33.09,67.84,31.04,152.7,UNHEALTHY,2026-07-19T23:19:49.187649+00:00
PKS_MUL_PRK_02,Multan,park,12.35,13.71,400.0,23.79,42.29,1.09,51.5,MODERATE,2026-07-19T23:19:49.187690+00:00
PKS_KHI_IND_01,Karachi,industrial,72.48,89.56,618.02,28.9,81.5,10.89,159.8,UNHEALTHY,2026-07-19T23:20:22.247857+00:00
PKS_KHI_TRF_02,Karachi,traffic,47.86,62.16,408.57,45.0,82.48,12.96,131.4,UNHEALTHY FOR SENSITIVE,2026-07-19T23:20:22.247961+00:00
PKS_LHR_RES_01,Lahore,residential,33.56,42.23,400.0,35.09,38.66,19.2,96.1,MODERATE,2026-07-19T23:20:22.248009+00:00
PKS_LHR_IND_02,Lahore,industrial,176.53,209.59,576.51,29.18,60.88,44.76,226.8,VERY UNHEALTHY,2026-07-19T23:20:22.248057+00:00
PKS_ISB_PRK_01,Islamabad,park,7.47,8.14,400.0,24.91,70.09,1.56,31.1,GOOD,2026-07-19T23:20:22.248101+00:00
PKS_ISB_TRF_02,Islamabad,traffic,45.51,49.83,422.59,34.48,10.74,51.35,125.6,UNHEALTHY FOR SENSITIVE,2026-07-19T23:20:22.248144+00:00
PKS_PEW_IND_01,Peshawar,industrial,92.75,114.08,525.79,38.51,48.39,12.94,170.2,UNHEALTHY,2026-07-19T23:20:22.248193+00:00
PKS_PEW_RES_02,Peshawar,residential,28.26,35.12,400.0,39.32,70.54,25.98,85.0,MODERATE,2026-07-19T23:20:22.248235+00:00
PKS_MUL_TRF_01,Multan,traffic,147.81,157.81,400.0,34.32,10.95,36.17,198.7,UNHEALTHY,2026-07-19T23:20:22.248277+00:00
PKS_MUL_PRK_02,Multan,park,10.5,12.22,400.0,23.84,19.95,16.15,43.8,GOOD,2026-07-19T23:20:22.248319+00:00
PKS_KHI_IND_01,Karachi,industrial,73.45,77.8,411.6,38.39,71.76,7.25,160.3,UNHEALTHY,2026-07-19T23:20:45.268669+00:00
PKS_KHI_TRF_02,Karachi,traffic,44.45,53.38,400.0,38.88,57.78,57.13,123.0,UNHEALTHY FOR SENSITIVE,2026-07-19T23:20:45.268778+00:00
PKS_LHR_RES_01,Lahore,residential,28.27,34.88,400.0,30.37,22.58,8.4,85.0,MODERATE,2026-07-19T23:20:45.268824+00:00
PKS_LHR_IND_02,Lahore,industrial,56.91,73.02,526.99,32.55,10.22,56.08,151.7,UNHEALTHY,2026-07-19T23:20:45.268864+00:00
PKS_ISB_PRK_01,Islamabad,park,37.23,41.38,400.0,30.09,83.78,52.34,105.3,UNHEALTHY FOR SENSITIVE,2026-07-19T23:20:45.268904+00:00
PKS_ISB_TRF_02,Islamabad,traffic,52.01,56.32,410.77,29.77,27.2,54.79,141.7,UNHEALTHY FOR SENSITIVE,2026-07-19T23:20:45.268942+00:00
PKS_PEW_IND_01,Peshawar,industrial,93.02,119.84,618.36,43.96,40.06,11.77,170.4,UNHEALTHY,2026-07-19T23:20:45.268980+00:00
PKS_PEW_RES_02,Peshawar,residential,113.59,147.28,400.0,28.58,63.44,35.73,181.0,UNHEALTHY,2026-07-19T23:20:45.269018+00:00
PKS_MUL_TRF_01,Multan,traffic,41.62,44.99,456.18,29.76,80.22,47.2,116.1,UNHEALTHY FOR SENSITIVE,2026-07-19T23:20:45.269060+00:00
PKS_MUL_PRK_02,Multan,park,9.23,10.78,400.0,29.71,65.76,16.62,38.5,GOOD,2026-07-19T23:20:45.269099+00:00
PKS_KHI_IND_01,Karachi,industrial,91.71,114.76,550.47,27.8,21.83,24.05,169.7,UNHEALTHY,2026-07-19T23:21:20.068558+00:00
PKS_KHI_TRF_02,Karachi,traffic,65.67,78.34,401.08,35.44,82.07,31.92,156.2,UNHEALTHY,2026-07-19T23:21:20.068597+00:00
PKS_LHR_RES_01,Lahore,residential,22.36,25.37,400.0,29.16,64.52,43.26,72.6,MODERATE,2026-07-19T23:21:20.068621+00:00
PKS_LHR_IND_02,Lahore,industrial,231.1,282.26,535.61,43.09,27.19,17.63,280.9,VERY UNHEALTHY,2026-07-19T23:21:20.068643+00:00
PKS_ISB_PRK_01,Islamabad,park,18.31,23.45,400.0,26.29,81.12,57.79,64.0,MODERATE,2026-07-19T23:21:20.068663+00:00
PKS_ISB_TRF_02,Islamabad,traffic,51.36,64.4,475.53,37.11,35.67,12.45,140.1,UNHEALTHY FOR SENSITIVE,2026-07-19T23:21:20.068682+00:00
PKS_PEW_IND_01,Peshawar,industrial,57.7,74.39,552.64,45.0,34.73,34.92,152.1,UNHEALTHY,2026-07-19T23:21:20.068702+00:00
PKS_PEW_RES_02,Peshawar,residential,25.16,26.63,400.0,30.08,57.44,31.1,78.5,MODERATE,2026-07-19T23:21:20.068720+00:00
PKS_MUL_TRF_01,Multan,traffic,55.95,68.74,400.0,36.92,69.82,37.7,151.2,UNHEALTHY,2026-07-19T23:21:20.068739+00:00
PKS_MUL_PRK_02,Multan,park,15.56,18.29,400.0,33.83,42.72,54.43,58.3,MODERATE,2026-07-19T23:21:20.068760+00:00
PKS_KHI_IND_01,Karachi,industrial,78.6,90.16,502.59,39.42,49.22,25.44,162.9,UNHEALTHY,2026-07-19T23:22:26.419197+00:00
PKS_KHI_TRF_02,Karachi,traffic,44.83,54.37,400.0,32.14,75.99,43.03,124.0,UNHEALTHY FOR SENSITIVE,2026-07-19T23:22:26.419223+00:00
PKS_LHR_RES_01,Lahore,residential,23.63,26.5,400.0,31.29,49.61,56.43,75.2,MODERATE,2026-07-19T23:22:26.419234+00:00
PKS_LHR_IND_02,Lahore,industrial,60.15,73.59,453.87,32.44,37.77,26.44,153.4,UNHEALTHY,2026-07-19T23:22:26.419245+00:00
PKS_ISB_PRK_01,Islamabad,park,27.53,32.39,400.0,27.74,16.39,35.59,83.4,MODERATE,2026-07-19T23:22:26.419255+00:00
PKS_ISB_TRF_02,Islamabad,traffic,51.77,58.64,400.0,33.45,55.04,58.94,141.1,UNHEALTHY FOR SENSITIVE,2026-07-19T23:22:26.419265+00:00
PKS_PEW_IND_01,Peshawar,industrial,82.43,104.96,607.25,40.05,13.94,22.12,164.9,UNHEALTHY,2026-07-19T23:22:26.419274+00:00
PKS_PEW_RES_02,Peshawar,residential,39.28,42.44,400.0,35.35,84.4,47.63,110.3,UNHEALTHY FOR SENSITIVE,2026-07-19T23:22:26.419284+00:00
PKS_MUL_TRF_01,Multan,traffic,62.13,74.92,446.48,38.78,85.34,40.98,154.4,UNHEALTHY,2026-07-19T23:22:26.419294+00:00
PKS_MUL_PRK_02,Multan,park,14.2,16.73,400.0,32.43,36.36,5.17,55.4,MODERATE,2026-07-19T23:22:26.419303+00:00
PKS_KHI_IND_01,Karachi,industrial,70.65,91.21,572.91,45.0,82.01,40.84,158.8,UNHEALTHY,2026-07-19T23:22:53.256893+00:00
PKS_KHI_TRF_02,Karachi,traffic,40.38,47.51,400.0,35.2,44.03,33.85,113.0,UNHEALTHY FOR SENSITIVE,2026-07-19T23:22:53.256920+00:00
PKS_LHR_RES_01,Lahore,residential,25.44,30.81,400.0,34.8,19.01,32.72,79.1,MODERATE,2026-07-19T23:22:53.256933+00:00
PKS_LHR_IND_02,Lahore,industrial,85.56,109.88,455.55,38.31,86.97,45.71,166.5,UNHEALTHY,2026-07-19T23:22:53.256943+00:00
PKS_ISB_PRK_01,Islamabad,park,13.28,15.01,400.0,22.16,21.46,14.56,53.5,MODERATE,2026-07-19T23:22:53.256954+00:00
PKS_ISB_TRF_02,Islamabad,traffic,47.66,60.34,408.01,36.35,53.76,7.83,130.9,UNHEALTHY FOR SENSITIVE,2026-07-19T23:22:53.256965+00:00
PKS_PEW_IND_01,Peshawar,industrial,71.29,78.56,453.69,36.94,16.67,50.37,159.2,UNHEALTHY,2026-07-19T23:22:53.256975+00:00
PKS_PEW_RES_02,Peshawar,residential,31.66,37.96,400.0,28.9,59.49,13.64,92.1,MODERATE,2026-07-19T23:22:53.256984+00:00
PKS_MUL_TRF_01,Multan,traffic,43.25,47.9,400.0,26.97,75.32,6.29,120.1,UNHEALTHY FOR SENSITIVE,2026-07-19T23:22:53.256994+00:00
PKS_MUL_PRK_02,Multan,park,9.29,10.32,400.0,27.38,47.24,39.26,38.7,GOOD,2026-07-19T23:22:53.257004+00:00
PKS_KHI_IND_01,Karachi,industrial,71.11,87.11,469.33,30.23,57.15,27.25,159.1,UNHEALTHY,2026-07-19T23:23:34.106769+00:00
PKS_KHI_TRF_02,Karachi,traffic,51.07,56.92,400.0,33.98,52.06,17.97,139.3,UNHEALTHY FOR SENSITIVE,2026-07-19T23:23:34.106809+00:00
PKS_LHR_RES_01,Lahore,residential,24.53,28.32,400.0,35.33,19.59,54.39,77.1,MODERATE,2026-07-19T23:23:34.106831+00:00
PKS_LHR_IND_02,Lahore,industrial,64.6,74.61,755.15,38.58,60.81,10.39,155.7,UNHEALTHY,2026-07-19T23:23:34.106849+00:00
PKS_ISB_PRK_01,Islamabad,park,11.71,12.8,400.0,30.52,11.57,22.84,48.8,GOOD,2026-07-19T23:23:34.106866+00:00
PKS_ISB_TRF_02,Islamabad,traffic,56.66,60.73,444.71,39.68,37.29,53.83,151.6,UNHEALTHY,2026-07-19T23:23:34.106884+00:00
PKS_PEW_IND_01,Peshawar,industrial,82.91,88.22,751.97,36.06,81.31,24.8,165.2,UNHEALTHY,2026-07-19T23:23:34.106900+00:00
PKS_PEW_RES_02,Peshawar,residential,103.85,122.31,400.0,29.21,81.25,43.9,176.0,UNHEALTHY,2026-07-19T23:23:34.106917+00:00
PKS_MUL_TRF_01,Multan,traffic,190.32,236.76,497.6,37.52,20.56,42.28,240.5,VERY UNHEALTHY,2026-07-19T23:23:34.106934+00:00
PKS_MUL_PRK_02,Multan,park,5.58,6.56,400.0,23.0,89.76,51.26,23.2,GOOD,2026-07-19T23:23:34.106950+00:00
PKS_KHI_IND_01,Karachi,industrial,92.53,111.48,474.82,28.92,25.18,43.03,170.1,UNHEALTHY,2026-07-19T23:23:45.175352+00:00
PKS_KHI_TRF_02,Karachi,traffic,51.34,65.31,456.54,39.71,30.85,51.47,140.0,UNHEALTHY FOR SENSITIVE,2026-07-19T23:23:45.175382+00:00
PKS_LHR_RES_01,Lahore,residential,25.8,28.29,400.0,31.99,70.03,8.58,79.8,MODERATE,2026-07-19T23:23:45.175399+00:00
PKS_LHR_IND_02,Lahore,industrial,233.39,301.05,453.03,30.01,31.67,0.74,283.1,VERY UNHEALTHY,2026-07-19T23:23:45.175419+00:00
PKS_ISB_PRK_01,Islamabad,park,11.18,13.25,400.0,26.21,40.58,3.11,46.6,GOOD,2026-07-19T23:23:45.175442+00:00
PKS_ISB_TRF_02,Islamabad,traffic,45.78,58.77,481.23,36.69,75.64,9.26,126.3,UNHEALTHY FOR SENSITIVE,2026-07-19T23:23:45.175456+00:00
PKS_PEW_IND_01,Peshawar,industrial,63.68,69.26,636.66,30.11,62.14,51.16,155.2,UNHEALTHY,2026-07-19T23:23:45.175469+00:00
PKS_PEW_RES_02,Peshawar,residential,32.31,39.0,400.0,43.17,47.87,27.99,93.5,MODERATE,2026-07-19T23:23:45.175481+00:00
PKS_MUL_TRF_01,Multan,traffic,48.6,52.59,421.71,33.77,65.96,28.32,133.3,UNHEALTHY FOR SENSITIVE,2026-07-19T23:23:45.175493+00:00
PKS_MUL_PRK_02,Multan,park,12.89,15.31,400.0,36.72,64.62,43.59,52.7,MODERATE,2026-07-19T23:23:45.175506+00:00
PKS_KHI_IND_01,Karachi,industrial,217.5,278.13,434.56,41.18,11.48,47.25,267.4,VERY UNHEALTHY,2026-07-19T23:24:12.612712+00:00
PKS_KHI_TRF_02,Karachi,traffic,45.68,53.31,482.25,40.41,20.23,7.05,126.1,UNHEALTHY FOR SENSITIVE,2026-07-19T23:24:12.612912+00:00
PKS_LHR_RES_01,Lahore,residential,23.39,28.71,400.0,29.3,18.36,11.65,74.8,MODERATE,2026-07-19T23:24:12.613031+00:00
PKS_LHR_IND_02,Lahore,industrial,181.84,214.93,607.07,31.6,87.24,6.17,232.1,VERY UNHEALTHY,2026-07-19T23:24:12.613097+00:00
PKS_ISB_PRK_01,Islamabad,park,9.37,10.39,400.0,30.41,47.15,22.16,39.0,GOOD,2026-07-19T23:24:12.613152+00:00
PKS_ISB_TRF_02,Islamabad,traffic,56.56,71.27,440.41,37.92,61.03,27.51,151.5,UNHEALTHY,2026-07-19T23:24:12.613207+00:00
PKS_PEW_IND_01,Peshawar,industrial,84.28,95.93,531.86,32.66,50.76,59.84,165.9,UNHEALTHY,2026-07-19T23:24:12.613255+00:00
PKS_PEW_RES_02,Peshawar,residential,23.85,26.94,400.0,32.78,21.68,3.1,75.7,MODERATE,2026-07-19T23:24:12.613306+00:00
PKS_MUL_TRF_01,Multan,traffic,56.8,62.86,400.0,35.06,85.82,53.99,151.7,UNHEALTHY,2026-07-19T23:24:12.613354+00:00
PKS_MUL_PRK_02,Multan,park,13.0,16.7,400.0,22.47,16.22,21.68,52.9,MODERATE,2026-07-19T23:24:12.613398+00:00
PKS_KHI_IND_01,Karachi,industrial,65.64,85.03,400.0,39.06,14.51,28.25,156.2,UNHEALTHY,2026-07-19T23:24:34.329533+00:00
PKS_KHI_TRF_02,Karachi,traffic,58.73,66.22,400.0,32.2,48.86,39.02,152.7,UNHEALTHY,2026-07-19T23:24:34.329568+00:00
PKS_LHR_RES_01,Lahore,residential,17.92,21.61,400.0,31.24,45.38,46.96,63.2,MODERATE,2026-07-19T23:24:34.329589+00:00
PKS_LHR_IND_02,Lahore,industrial,82.71,102.28,655.81,30.66,53.15,32.06,165.0,UNHEALTHY,2026-07-19T23:24:34.329608+00:00
PKS_ISB_PRK_01,Islamabad,park,14.09,17.86,400.0,24.78,63.78,28.88,55.2,MODERATE,2026-07-19T23:24:34.329627+00:00
PKS_ISB_TRF_02,Islamabad,traffic,161.99,207.29,400.0,37.64,46.85,27.86,212.4,VERY UNHEALTHY,2026-07-19T23:24:34.329646+00:00
PKS_PEW_IND_01,Peshawar,industrial,75.2,95.34,465.48,45.0,80.01,25.65,161.2,UNHEALTHY,2026-07-19T23:24:34.329664+00:00
PKS_PEW_RES_02,Peshawar,residential,23.72,27.54,400.0,28.59,56.65,26.25,75.4,MODERATE,2026-07-19T23:24:34.329684+00:00
PKS_MUL_TRF_01,Multan,traffic,115.51,129.45,442.83,38.63,36.93,46.6,182.0,UNHEALTHY,2026-07-19T23:24:34.329703+00:00
PKS_MUL_PRK_02,Multan,park,7.28,9.46,400.0,35.64,55.02,12.66,30.3,GOOD,2026-07-19T23:24:34.329721+00:00
PKS_KHI_IND_01,Karachi,industrial,351.56,383.49,628.0,33.54,47.67,28.35,381.5,HAZARDOUS,2026-07-19T23:24:53.343630+00:00
PKS_KHI_TRF_02,Karachi,traffic,47.46,54.0,400.0,41.87,47.87,4.41,130.5,UNHEALTHY FOR SENSITIVE,2026-07-19T23:24:53.343725+00:00
PKS_LHR_RES_01,Lahore,residential,39.31,44.18,400.0,26.88,53.98,7.64,110.4,UNHEALTHY FOR SENSITIVE,2026-07-19T23:24:53.343809+00:00
PKS_LHR_IND_02,Lahore,industrial,75.98,83.72,441.07,33.43,19.42,52.45,161.6,UNHEALTHY,2026-07-19T23:24:53.343876+00:00
PKS_ISB_PRK_01,Islamabad,park,9.83,12.02,400.0,26.35,80.02,20.19,41.0,GOOD,2026-07-19T23:24:53.343924+00:00
PKS_ISB_TRF_02,Islamabad,traffic,39.87,46.93,538.01,39.27,19.97,47.73,111.8,UNHEALTHY FOR SENSITIVE,2026-07-19T23:24:53.343968+00:00
PKS_PEW_IND_01,Peshawar,industrial,70.95,91.25,611.27,34.66,74.44,19.45,159.0,UNHEALTHY,2026-07-19T23:24:53.344012+00:00
PKS_PEW_RES_02,Peshawar,residential,34.54,37.98,400.0,31.46,14.72,45.05,98.2,MODERATE,2026-07-19T23:24:53.344055+00:00
PKS_MUL_TRF_01,Multan,traffic,153.21,183.41,480.39,27.43,82.94,50.12,203.7,VERY UNHEALTHY,2026-07-19T23:24:53.344109+00:00
PKS_MUL_PRK_02,Multan,park,14.45,17.23,400.0,30.78,77.79,40.74,55.9,MODERATE,2026-07-19T23:24:53.344154+00:00
PKS_KHI_IND_01,Karachi,industrial,74.61,84.88,545.42,34.74,67.1,57.18,160.9,UNHEALTHY,2026-07-19T23:25:28.718447+00:00
PKS_KHI_TRF_02,Karachi,traffic,59.59,70.82,420.71,36.46,78.14,26.85,153.1,UNHEALTHY,2026-07-19T23:25:28.718492+00:00
PKS_LHR_RES_01,Lahore,residential,25.59,29.36,400.0,25.49,28.54,21.62,79.4,MODERATE,2026-07-19T23:25:28.718522+00:00
PKS_LHR_IND_02,Lahore,industrial,61.77,68.09,560.09,33.69,19.56,15.93,154.2,UNHEALTHY,2026-07-19T23:25:28.718546+00:00
PKS_ISB_PRK_01,Islamabad,park,14.02,15.79,400.0,31.29,51.27,15.66,55.0,MODERATE,2026-07-19T23:25:28.718571+00:00
PKS_ISB_TRF_02,Islamabad,traffic,42.51,53.93,430.49,26.62,55.52,13.99,118.3,UNHEALTHY FOR SENSITIVE,2026-07-19T23:25:28.718594+00:00
PKS_PEW_IND_01,Peshawar,industrial,74.49,95.39,651.39,42.43,11.44,30.37,160.8,UNHEALTHY,2026-07-19T23:25:28.718618+00:00
PKS_PEW_RES_02,Peshawar,residential,105.75,124.08,400.0,34.04,14.1,30.85,176.9,UNHEALTHY,2026-07-19T23:25:28.718642+00:00
PKS_MUL_TRF_01,Multan,traffic,45.98,51.46,446.0,33.37,71.24,41.38,126.8,UNHEALTHY FOR SENSITIVE,2026-07-19T23:25:28.718665+00:00
PKS_MUL_PRK_02,Multan,park,10.14,13.13,400.0,32.63,33.14,23.1,42.3,GOOD,2026-07-19T23:25:28.718688+00:00
PKS_KHI_IND_01,Karachi,industrial,101.67,118.58,490.2,28.43,77.44,57.25,174.8,UNHEALTHY,2026-07-19T23:25:39.836381+00:00
PKS_KHI_TRF_02,Karachi,traffic,48.02,54.75,400.0,33.09,85.97,27.21,131.8,UNHEALTHY FOR SENSITIVE,2026-07-19T23:25:39.836407+00:00
PKS_LHR_RES_01,Lahore,residential,24.6,29.43,400.0,30.06,51.9,24.04,77.3,MODERATE,2026-07-19T23:25:39.836419+00:00
PKS_LHR_IND_02,Lahore,industrial,71.87,92.53,513.75,32.5,61.72,15.73,159.5,UNHEALTHY,2026-07-19T23:25:39.836429+00:00
PKS_ISB_PRK_01,Islamabad,park,13.62,15.92,400.0,27.0,44.22,4.64,54.2,MODERATE,2026-07-19T23:25:39.836439+00:00
PKS_ISB_TRF_02,Islamabad,traffic,39.42,45.09,404.17,29.17,79.79,43.32,110.7,UNHEALTHY FOR SENSITIVE,2026-07-19T23:25:39.836449+00:00
PKS_PEW_IND_01,Peshawar,industrial,76.89,80.75,517.25,41.87,39.05,48.67,162.0,UNHEALTHY,2026-07-19T23:25:39.836459+00:00
PKS_PEW_RES_02,Peshawar,residential,22.74,24.43,400.0,34.39,67.17,50.82,73.4,MODERATE,2026-07-19T23:25:39.836468+00:00
PKS_MUL_TRF_01,Multan,traffic,54.32,66.29,498.5,40.37,75.47,49.77,147.3,UNHEALTHY FOR SENSITIVE,2026-07-19T23:25:39.836479+00:00
PKS_MUL_PRK_02,Multan,park,15.81,19.62,400.0,27.33,29.69,37.18,58.8,MODERATE,2026-07-19T23:25:39.836489+00:00
PKS_KHI_IND_01,Karachi,industrial,75.2,81.49,521.55,40.36,76.27,42.22,161.2,UNHEALTHY,2026-07-19T23:26:24.825907+00:00
PKS_KHI_TRF_02,Karachi,traffic,58.95,71.4,400.0,34.57,66.81,40.59,152.8,UNHEALTHY,2026-07-19T23:26:24.825998+00:00
PKS_LHR_RES_01,Lahore,residential,23.89,29.49,400.0,29.98,21.97,24.09,75.8,MODERATE,2026-07-19T23:26:24.826056+00:00
PKS_LHR_IND_02,Lahore,industrial,66.42,71.72,633.68,41.66,74.62,7.1,156.6,UNHEALTHY,2026-07-19T23:26:24.826104+00:00
PKS_ISB_PRK_01,Islamabad,park,6.45,6.86,400.0,27.85,52.41,45.3,26.9,GOOD,2026-07-19T23:26:24.826147+00:00
PKS_ISB_TRF_02,Islamabad,traffic,186.51,224.66,470.78,30.35,62.37,22.87,236.7,VERY UNHEALTHY,2026-07-19T23:26:24.826189+00:00
PKS_PEW_IND_01,Peshawar,industrial,67.28,71.47,665.17,35.07,29.79,23.06,157.1,UNHEALTHY,2026-07-19T23:26:24.826228+00:00
PKS_PEW_RES_02,Peshawar,residential,20.58,25.44,400.0,29.41,31.32,19.9,68.8,MODERATE,2026-07-19T23:26:24.826265+00:00
PKS_MUL_TRF_01,Multan,traffic,208.06,229.5,400.0,28.32,57.08,20.38,258.0,VERY UNHEALTHY,2026-07-19T23:26:24.826305+00:00
PKS_MUL_PRK_02,Multan,park,33.97,37.19,400.0,22.98,75.32,36.87,97.0,MODERATE,2026-07-19T23:26:24.826344+00:00
PKS_KHI_IND_01,Karachi,industrial,66.51,83.69,547.56,36.04,68.73,37.0,156.7,UNHEALTHY,2026-07-19T23:26:53.938094+00:00
PKS_KHI_TRF_02,Karachi,traffic,50.12,56.01,460.79,33.84,54.18,36.69,137.0,UNHEALTHY FOR SENSITIVE,2026-07-19T23:26:53.938144+00:00
PKS_LHR_RES_01,Lahore,residential,27.0,28.57,400.0,31.4,10.83,44.85,82.3,MODERATE,2026-07-19T23:26:53.938157+00:00
PKS_LHR_IND_02,Lahore,industrial,79.18,83.23,640.17,38.8,47.67,52.4,163.2,UNHEALTHY,2026-07-19T23:26:53.938168+00:00
PKS_ISB_PRK_01,Islamabad,park,11.23,14.13,400.0,24.71,52.69,13.9,46.8,GOOD,2026-07-19T23:26:53.938179+00:00
PKS_ISB_TRF_02,Islamabad,traffic,61.41,79.23,400.0,33.39,64.37,52.7,154.1,UNHEALTHY,2026-07-19T23:26:53.938189+00:00
PKS_PEW_IND_01,Peshawar,industrial,78.71,84.57,476.67,32.02,36.4,56.41,163.0,UNHEALTHY,2026-07-19T23:26:53.938199+00:00
PKS_PEW_RES_02,Peshawar,residential,21.67,23.3,400.0,39.28,74.65,49.72,71.1,MODERATE,2026-07-19T23:26:53.938209+00:00
PKS_MUL_TRF_01,Multan,traffic,49.77,53.09,456.72,30.94,31.55,26.18,136.1,UNHEALTHY FOR SENSITIVE,2026-07-19T23:26:53.938219+00:00
PKS_MUL_PRK_02,Multan,park,6.87,8.53,400.0,29.66,20.22,49.74,28.6,GOOD,2026-07-19T23:26:53.938229+00:00
PKS_KHI_IND_01,Karachi,industrial,63.04,72.11,584.56,33.03,67.53,23.08,154.9,UNHEALTHY,2026-07-19T23:27:05.561820+00:00
PKS_KHI_TRF_02,Karachi,traffic,50.34,59.78,400.0,27.64,85.07,17.3,137.5,UNHEALTHY FOR SENSITIVE,2026-07-19T23:27:05.561846+00:00
PKS_LHR_RES_01,Lahore,residential,88.97,96.39,400.0,32.14,14.27,24.8,168.3,UNHEALTHY,2026-07-19T23:27:05.561858+00:00
PKS_LHR_IND_02,Lahore,industrial,92.08,117.98,571.49,29.76,41.3,23.99,169.9,UNHEALTHY,2026-07-19T23:27:05.561869+00:00
PKS_ISB_PRK_01,Islamabad,park,9.83,11.03,400.0,26.38,32.61,38.16,41.0,GOOD,2026-07-19T23:27:05.561882+00:00
PKS_ISB_TRF_02,Islamabad,traffic,53.14,57.84,400.0,32.73,80.2,41.0,144.4,UNHEALTHY FOR SENSITIVE,2026-07-19T23:27:05.561892+00:00
PKS_PEW_IND_01,Peshawar,industrial,69.89,73.9,509.33,36.32,78.48,16.92,158.4,UNHEALTHY,2026-07-19T23:27:05.561902+00:00
PKS_PEW_RES_02,Peshawar,residential,24.82,32.12,400.0,26.27,46.77,34.1,77.8,MODERATE,2026-07-19T23:27:05.561912+00:00
PKS_MUL_TRF_01,Multan,traffic,44.11,55.8,443.12,35.59,14.97,49.05,122.2,UNHEALTHY FOR SENSITIVE,2026-07-19T23:27:05.561922+00:00
PKS_MUL_PRK_02,Multan,park,13.21,16.23,400.0,25.85,38.11,55.8,53.3,MODERATE,2026-07-19T23:27:05.561932+00:00
PKS_KHI_IND_01,Karachi,industrial,210.87,268.49,447.26,29.44,21.94,19.63,260.8,VERY UNHEALTHY,2026-07-19T23:27:24.812776+00:00
PKS_KHI_TRF_02,Karachi,traffic,57.47,64.54,426.63,38.07,26.01,5.83,152.0,UNHEALTHY,2026-07-19T23:27:24.812851+00:00
PKS_LHR_RES_01,Lahore,residential,90.04,110.34,400.0,25.81,63.79,44.89,168.8,UNHEALTHY,2026-07-19T23:27:24.812896+00:00
PKS_LHR_IND_02,Lahore,industrial,77.14,88.38,502.94,34.68,61.44,47.88,162.2,UNHEALTHY,2026-07-19T23:27:24.812936+00:00
PKS_ISB_PRK_01,Islamabad,park,12.77,13.48,400.0,26.29,24.72,13.11,52.4,MODERATE,2026-07-19T23:27:24.812974+00:00
PKS_ISB_TRF_02,Islamabad,traffic,58.33,65.64,496.5,30.95,73.05,35.87,152.5,UNHEALTHY,2026-07-19T23:27:24.813012+00:00
PKS_PEW_IND_01,Peshawar,industrial,70.51,79.33,569.47,40.24,39.05,50.43,158.8,UNHEALTHY,2026-07-19T23:27:24.813055+00:00
PKS_PEW_RES_02,Peshawar,residential,21.41,26.41,400.0,34.96,45.89,29.59,70.6,MODERATE,2026-07-19T23:27:24.813092+00:00
PKS_MUL_TRF_01,Multan,traffic,53.09,58.27,437.22,38.75,40.07,28.33,144.3,UNHEALTHY FOR SENSITIVE,2026-07-19T23:27:24.813132+00:00
PKS_MUL_PRK_02,Multan,park,20.99,27.16,400.0,38.49,37.77,30.26,69.7,MODERATE,2026-07-19T23:27:24.813172+00:00
PKS_KHI_IND_01,Karachi,industrial,225.45,289.85,609.24,39.7,38.48,7.15,275.3,VERY UNHEALTHY,2026-07-19T23:27:35.920368+00:00
PKS_KHI_TRF_02,Karachi,traffic,56.73,69.78,427.14,37.9,42.75,19.18,151.6,UNHEALTHY,2026-07-19T23:27:35.920443+00:00
PKS_LHR_RES_01,Lahore,residential,17.6,19.76,412.9,41.81,80.55,22.79,62.6,MODERATE,2026-07-19T23:27:35.920486+00:00
PKS_LHR_IND_02,Lahore,industrial,52.94,56.46,524.81,45.0,37.25,42.82,143.9,UNHEALTHY FOR SENSITIVE,2026-07-19T23:27:35.920530+00:00
PKS_ISB_PRK_01,Islamabad,park,42.81,49.18,400.0,23.62,33.5,47.3,119.0,UNHEALTHY FOR SENSITIVE,2026-07-19T23:27:35.920571+00:00
PKS_ISB_TRF_02,Islamabad,traffic,144.86,173.23,484.87,34.05,69.88,27.28,197.1,UNHEALTHY,2026-07-19T23:27:35.920610+00:00
PKS_PEW_IND_01,Peshawar,industrial,96.33,119.29,465.04,33.38,40.5,2.25,172.1,UNHEALTHY,2026-07-19T23:27:35.920647+00:00
PKS_PEW_RES_02,Peshawar,residential,29.27,36.28,400.0,23.22,78.02,53.45,87.1,MODERATE,2026-07-19T23:27:35.920689+00:00
PKS_MUL_TRF_01,Multan,traffic,41.12,48.73,471.85,34.06,39.48,39.89,114.9,UNHEALTHY FOR SENSITIVE,2026-07-19T23:27:35.920728+00:00
PKS_MUL_PRK_02,Multan,park,9.26,10.43,400.0,33.87,37.1,12.11,38.6,GOOD,2026-07-19T23:27:35.920766+00:00
PKS_KHI_IND_01,Karachi,industrial,71.8,88.38,566.7,38.13,87.98,21.83,159.4,UNHEALTHY,2026-07-19T23:27:54.718561+00:00
PKS_KHI_TRF_02,Karachi,traffic,47.98,60.48,448.62,40.08,73.01,12.33,131.7,UNHEALTHY FOR SENSITIVE,2026-07-19T23:27:54.718642+00:00
PKS_LHR_RES_01,Lahore,residential,21.94,25.32,400.0,38.85,60.02,54.69,71.7,MODERATE,2026-07-19T23:27:54.718693+00:00
PKS_LHR_IND_02,Lahore,industrial,67.52,82.52,628.27,34.01,81.53,16.53,157.2,UNHEALTHY,2026-07-19T23:27:54.718736+00:00
PKS_ISB_PRK_01,Islamabad,park,8.14,9.64,400.0,26.64,40.26,45.4,33.9,GOOD,2026-07-19T23:27:54.718779+00:00
PKS_ISB_TRF_02,Islamabad,traffic,55.24,63.27,407.74,30.64,35.93,33.52,149.6,UNHEALTHY FOR SENSITIVE,2026-07-19T23:27:54.718821+00:00
PKS_PEW_IND_01,Peshawar,industrial,284.36,320.07,434.23,40.66,15.43,54.7,328.0,HAZARDOUS,2026-07-19T23:27:54.718865+00:00
PKS_PEW_RES_02,Peshawar,residential,30.1,33.29,400.0,31.96,37.24,48.11,88.8,MODERATE,2026-07-19T23:27:54.718904+00:00
PKS_MUL_TRF_01,Multan,traffic,52.47,64.22,454.28,34.43,18.92,7.06,142.8,UNHEALTHY FOR SENSITIVE,2026-07-19T23:27:54.718944+00:00
PKS_MUL_PRK_02,Multan,park,29.92,32.54,400.0,35.67,45.01,33.08,88.5,MODERATE,2026-07-19T23:27:54.718993+00:00
PKS_KHI_IND_01,Karachi,industrial,66.14,80.24,454.79,30.0,41.09,14.72,156.5,UNHEALTHY,2026-07-19T23:28:25.599432+00:00
PKS_KHI_TRF_02,Karachi,traffic,65.35,84.3,527.63,39.08,66.57,22.79,156.1,UNHEALTHY,2026-07-19T23:28:25.599458+00:00
PKS_LHR_RES_01,Lahore,residential,22.9,26.55,400.0,35.49,55.8,44.27,73.7,MODERATE,2026-07-19T23:28:25.599470+00:00
PKS_LHR_IND_02,Lahore,industrial,72.3,86.21,563.39,45.0,55.06,38.91,159.7,UNHEALTHY,2026-07-19T23:28:25.599480+00:00
PKS_ISB_PRK_01,Islamabad,park,7.58,9.17,400.0,24.5,22.37,22.34,31.6,GOOD,2026-07-19T23:28:25.599490+00:00
PKS_ISB_TRF_02,Islamabad,traffic,44.1,55.54,435.7,26.65,23.31,8.47,122.2,UNHEALTHY FOR SENSITIVE,2026-07-19T23:28:25.599500+00:00
PKS_PEW_IND_01,Peshawar,industrial,60.88,67.78,443.09,34.19,71.35,31.83,153.8,UNHEALTHY,2026-07-19T23:28:25.599509+00:00
PKS_PEW_RES_02,Peshawar,residential,34.56,38.31,400.0,28.61,88.56,10.85,98.2,MODERATE,2026-07-19T23:28:25.599519+00:00
PKS_MUL_TRF_01,Multan,traffic,50.26,58.63,477.27,30.4,10.85,22.56,137.4,UNHEALTHY FOR SENSITIVE,2026-07-19T23:28:25.599529+00:00
PKS_MUL_PRK_02,Multan,park,13.35,15.15,400.0,28.28,55.09,26.59,53.6,MODERATE,2026-07-19T23:28:25.599539+00:00
PKS_KHI_IND_01,Karachi,industrial,72.23,82.94,643.67,29.94,36.72,32.83,159.6,UNHEALTHY,2026-07-19T23:28:53.745726+00:00
PKS_KHI_TRF_02,Karachi,traffic,46.0,59.37,476.95,31.31,68.16,7.05,126.9,UNHEALTHY FOR SENSITIVE,2026-07-19T23:28:53.745763+00:00
PKS_LHR_RES_01,Lahore,residential,30.19,38.56,400.0,36.64,67.83,33.23,89.0,MODERATE,2026-07-19T23:28:53.745782+00:00
PKS_LHR_IND_02,Lahore,industrial,56.34,60.72,560.42,34.91,57.41,30.45,151.4,UNHEALTHY,2026-07-19T23:28:53.745800+00:00
PKS_ISB_PRK_01,Islamabad,park,11.07,12.91,400.0,26.0,57.63,38.97,46.1,GOOD,2026-07-19T23:28:53.745826+00:00
PKS_ISB_TRF_02,Islamabad,traffic,120.68,129.22,556.48,31.72,43.62,18.54,184.7,UNHEALTHY,2026-07-19T23:28:53.745844+00:00
PKS_PEW_IND_01,Peshawar,industrial,64.47,76.93,630.11,36.91,59.04,24.58,155.6,UNHEALTHY,2026-07-19T23:28:53.745859+00:00
PKS_PEW_RES_02,Peshawar,residential,26.17,29.71,400.0,29.29,41.8,0.63,80.6,MODERATE,2026-07-19T23:28:53.745875+00:00
PKS_MUL_TRF_01,Multan,traffic,43.97,48.9,400.0,39.91,63.26,9.08,121.8,UNHEALTHY FOR SENSITIVE,2026-07-19T23:28:53.745890+00:00
PKS_MUL_PRK_02,Multan,park,24.72,28.83,400.0,22.57,58.37,24.47,77.5,MODERATE,2026-07-19T23:28:53.745906+00:00
